"n_tango_id","s_rirekiymd","d_eikyoudo_age","d_eikyoudo_sage","n_update_cnt"
1,"20200729",0,0,145
2,"20200729",0,0,131
3,"20200729",0,0,36
4,"20200729",0,0,2245
5,"20200729",0,0,45
6,"20200729",0,0,44
7,"20200729",0,0,50
8,"20200729",0,0,139
9,"20200729",0,0,199
10,"20200729",0,0,1751
11,"20200729",0,0,2
12,"20200729",0,0,5
13,"20200729",0,0,304
14,"20200729",0,0,487
15,"20200729",0,0,145
16,"20200729",0,0,335
17,"20200729",0,0,2
18,"20200729",0,0,70
19,"20200729",0,0,10
20,"20200729",0,0,10
21,"20200729",0,0,4
22,"20200729",0,0,2
23,"20200729",0,0,11
24,"20200729",0,0,50
25,"20200729",0,0,140
26,"20200729",0,0,32
27,"20200729",0,0,5
28,"20200729",0,0,106
29,"20200729",0,0,101
30,"20200729",0,0,2
31,"20200729",0,0,5
32,"20200729",0,0,9
33,"20200729",0,0,29
34,"20200729",0,0,3
35,"20200729",0,0,2
36,"20200729",0,0,182
37,"20200729",0,0,25
38,"20200729",0,0,25
39,"20200729",0,0,126
40,"20200729",0,0,2
41,"20200729",0,0,37
42,"20200729",0,0,12
43,"20200729",0,0,2
44,"20200729",0,0,6
45,"20200729",0,0,132
46,"20200729",0,0,211
47,"20200729",0,0,2
48,"20200729",0,0,254
49,"20200729",0,0,10
50,"20200729",0,0,89
51,"20200729",0,0,2
52,"20200729",0,0,8
53,"20200729",0,0,9
54,"20200729",0,0,14
55,"20200729",0,0,2
56,"20200729",0,0,2
57,"20200729",0,0,237
58,"20200729",0,0,3
59,"20200729",0,0,323
60,"20200729",0,0,378
61,"20200729",0,0,3
62,"20200729",0,0,23
63,"20200729",0,0,336
64,"20200729",0,0,2
65,"20200729",0,0,11
66,"20200729",0,0,216
67,"20200729",0,0,26
68,"20200729",0,0,2
69,"20200729",0,0,173
70,"20200729",0,0,53
71,"20200729",0,0,36
72,"20200729",0,0,2
73,"20200729",0,0,60
74,"20200729",0,0,2
75,"20200729",0,0,80
76,"20200729",0,0,22
77,"20200729",0,0,9
78,"20200729",0,0,92
79,"20200729",0,0,53
80,"20200729",0,0,24
81,"20200729",0,0,5
82,"20200729",0,0,16
83,"20200729",0,0,18
84,"20200729",0,0,12
85,"20200729",0,0,7
86,"20200729",0,0,148
87,"20200729",0,0,7
88,"20200729",0,0,57
89,"20200729",0,0,17
90,"20200729",0,0,535
91,"20200729",0,0,84
92,"20200729",0,0,30
93,"20200729",0,0,731
94,"20200729",0,0,10
95,"20200729",0,0,5
96,"20200729",0,0,268
97,"20200729",0,0,5
98,"20200729",0,0,292
99,"20200729",0,0,7
100,"20200729",0,0,6
101,"20200729",0,0,303
102,"20200729",0,0,5
103,"20200729",0,0,10
104,"20200729",0,0,64
105,"20200729",0,0,5
106,"20200729",0,0,38
107,"20200729",0,0,25
108,"20200729",0,0,3
109,"20200729",0,0,3
110,"20200729",0,0,13
111,"20200729",0,0,7
112,"20200729",0,0,3
113,"20200729",0,0,1
114,"20200729",0,0,1
115,"20200729",0,0,28
116,"20200729",0,0,1
117,"20200729",0,0,213
118,"20200729",0,0,2
119,"20200729",0,0,2
120,"20200729",0,0,26
121,"20200729",0,0,18
122,"20200729",0,0,1
123,"20200729",0,0,1
124,"20200729",0,0,5
125,"20200729",0,0,2
126,"20200729",0,0,2
127,"20200729",0,0,5
128,"20200729",0,0,5
129,"20200729",0,0,5
130,"20200729",0,0,8
131,"20200729",0,0,2
132,"20200729",0,0,30
133,"20200729",0,0,3
134,"20200729",0,0,5
135,"20200729",0,0,15
136,"20200729",0,0,2
137,"20200729",0,0,141
138,"20200729",0,0,2
139,"20200729",0,0,57
140,"20200729",0,0,7
141,"20200729",0,0,13
142,"20200729",0,0,6
143,"20200729",0,0,75
144,"20200729",0,0,13
145,"20200729",0,0,2
146,"20200729",0,0,4
147,"20200729",0,0,4
148,"20200729",0,0,27
149,"20200729",0,0,2
150,"20200729",0,0,2
151,"20200729",0,0,7
152,"20200729",0,0,101
153,"20200729",0,0,6
154,"20200729",0,0,64
155,"20200729",0,0,37
156,"20200729",0,0,2
157,"20200729",0,0,2
158,"20200729",0,0,2
159,"20200729",0,0,2
160,"20200729",0,0,2
161,"20200729",0,0,4
162,"20200729",0,0,5
163,"20200729",0,0,2
164,"20200729",0,0,8
165,"20200729",0,0,5
166,"20200729",0,0,8
167,"20200729",0,0,5
168,"20200729",0,0,5
169,"20200729",0,0,5
170,"20200729",0,0,5
171,"20200729",0,0,5
172,"20200729",0,0,5
173,"20200729",0,0,5
174,"20200729",0,0,5
175,"20200729",0,0,8
176,"20200729",0,0,2
177,"20200729",0,0,2
178,"20200729",0,0,2
179,"20200729",0,0,5
180,"20200729",0,0,5
181,"20200729",0,0,89
182,"20200729",0,0,11
183,"20200729",0,0,6
184,"20200729",0,0,5
185,"20200729",0,0,278
186,"20200729",0,0,2
187,"20200729",0,0,2
188,"20200729",0,0,19
189,"20200729",0,0,173
190,"20200729",0,0,2
191,"20200729",0,0,2
192,"20200729",0,0,4
193,"20200729",0,0,5
194,"20200729",0,0,3
195,"20200729",0,0,2
196,"20200729",0,0,2
197,"20200729",0,0,2
198,"20200729",0,0,2
199,"20200729",0,0,6
200,"20200729",0,0,12
201,"20200729",0,0,2
202,"20200729",0,0,3
203,"20200729",0,0,19
204,"20200729",0,0,16
205,"20200729",0,0,3
206,"20200729",0,0,8
207,"20200729",0,0,4
208,"20200729",0,0,66
209,"20200729",0,0,35
210,"20200729",0,0,3
211,"20200729",0,0,5
212,"20200729",0,0,6
213,"20200729",0,0,8
214,"20200729",0,0,10
215,"20200729",0,0,3
216,"20200729",0,0,2
217,"20200729",0,0,22
218,"20200729",0,0,6
219,"20200729",0,0,12
220,"20200729",0,0,12
221,"20200729",0,0,11
222,"20200729",0,0,24
223,"20200729",0,0,5
224,"20200729",0,0,5
225,"20200729",0,0,13
226,"20200729",0,0,1
227,"20200729",0,0,2
228,"20200729",0,0,10
229,"20200729",0,0,7
230,"20200729",0,0,1
231,"20200729",0,0,1
232,"20200729",0,0,2
233,"20200729",0,0,5
234,"20200729",0,0,8
235,"20200729",0,0,1
236,"20200729",0,0,1
237,"20200729",0,0,6
238,"20200729",0,0,3
239,"20200729",0,0,1
240,"20200729",0,0,4
241,"20200729",0,0,3
242,"20200729",0,0,1
243,"20200729",0,0,1
244,"20200729",0,0,2
245,"20200729",0,0,2
246,"20200729",0,0,4
247,"20200729",0,0,8
248,"20200729",0,0,2
249,"20200729",0,0,3
250,"20200729",0,0,1
251,"20200729",0,0,1
252,"20200729",0,0,12
253,"20200729",0,0,1
254,"20200729",0,0,3
255,"20200729",0,0,2
256,"20200729",0,0,3
257,"20200729",0,0,2
258,"20200729",0,0,1
259,"20200729",0,0,1
260,"20200729",0,0,8
261,"20200729",0,0,2
262,"20200729",0,0,1
263,"20200729",0,0,1
264,"20200729",0,0,1
265,"20200729",0,0,4
266,"20200729",0,0,1
267,"20200729",0,0,96
268,"20200729",0,0,4
269,"20200729",0,0,1
270,"20200729",0,0,1
271,"20200729",0,0,3
272,"20200729",0,0,1
273,"20200729",0,0,97
274,"20200729",0,0,1
275,"20200729",0,0,5
276,"20200729",0,0,0
277,"20200729",0,0,0
278,"20200729",0,0,0
279,"20200729",0,0,18
280,"20200729",0,0,3
281,"20200729",0,0,8
282,"20200729",0,0,2
283,"20200729",0,0,2
284,"20200729",0,0,4
285,"20200729",0,0,16
286,"20200729",0,0,2
287,"20200729",0,0,2
288,"20200729",0,0,5
289,"20200729",0,0,2
290,"20200729",0,0,55
291,"20200729",0,0,2
292,"20200729",0,0,2
293,"20200729",0,0,2
294,"20200729",0,0,4
295,"20200729",0,0,2
296,"20200729",0,0,42
297,"20200729",0,0,4
298,"20200729",0,0,5
299,"20200729",0,0,16
300,"20200729",0,0,80
301,"20200729",0,0,2
302,"20200729",0,0,3
303,"20200729",0,0,2
304,"20200729",0,0,61
305,"20200729",0,0,3
306,"20200729",0,0,8
307,"20200729",0,0,33
308,"20200729",0,0,2
309,"20200729",0,0,3
310,"20200729",0,0,2
311,"20200729",0,0,2
312,"20200729",0,0,7
313,"20200729",0,0,2
314,"20200729",0,0,2
315,"20200729",0,0,11
316,"20200729",0,0,17
317,"20200729",0,0,4
318,"20200729",0,0,29
319,"20200729",0,0,2
320,"20200729",0,0,2
321,"20200729",0,0,2
322,"20200729",0,0,2
323,"20200729",0,0,276
324,"20200729",0,0,2
325,"20200729",0,0,2
326,"20200729",0,0,2
327,"20200729",0,0,2
328,"20200729",0,0,2
329,"20200729",0,0,2
330,"20200729",0,0,2
331,"20200729",0,0,14
332,"20200729",0,0,2
333,"20200729",0,0,2
334,"20200729",0,0,2
335,"20200729",0,0,2
336,"20200729",0,0,2
337,"20200729",0,0,2
338,"20200729",0,0,2
339,"20200729",0,0,2
340,"20200729",0,0,2
341,"20200729",0,0,1
342,"20200729",0,0,7
343,"20200729",0,0,3
344,"20200729",0,0,1
345,"20200729",0,0,2
346,"20200729",0,0,3
347,"20200729",0,0,1
348,"20200729",0,0,1
349,"20200729",0,0,16
350,"20200729",0,0,1
351,"20200729",0,0,8
352,"20200729",0,0,1
353,"20200729",0,0,24
354,"20200729",0,0,1
355,"20200729",0,0,10
356,"20200729",0,0,1
357,"20200729",0,0,2
358,"20200729",0,0,2
359,"20200729",0,0,2
360,"20200729",0,0,2
361,"20200729",0,0,2
362,"20200729",0,0,2
363,"20200729",0,0,2
364,"20200729",0,0,5
365,"20200729",0,0,2
366,"20200729",0,0,7
367,"20200729",0,0,44
368,"20200729",0,0,24
369,"20200729",0,0,64
370,"20200729",0,0,2
371,"20200729",0,0,2
372,"20200729",0,0,2
373,"20200729",0,0,5
374,"20200729",0,0,2
375,"20200729",0,0,2
376,"20200729",0,0,12
377,"20200729",0,0,3
378,"20200729",0,0,2
379,"20200729",0,0,2
380,"20200729",0,0,8
381,"20200729",0,0,2
382,"20200729",0,0,10
383,"20200729",0,0,2
384,"20200729",0,0,3
385,"20200729",0,0,2
386,"20200729",0,0,2
387,"20200729",0,0,2
388,"20200729",0,0,2
389,"20200729",0,0,2
390,"20200729",0,0,2
391,"20200729",0,0,4
392,"20200729",0,0,2
393,"20200729",0,0,8
394,"20200729",0,0,5
395,"20200729",0,0,2
396,"20200729",0,0,7
397,"20200729",0,0,2
398,"20200729",0,0,5
399,"20200729",0,0,2
400,"20200729",0,0,2
401,"20200729",0,0,2
402,"20200729",0,0,2
403,"20200729",0,0,2
404,"20200729",0,0,89
405,"20200729",0,0,3
406,"20200729",0,0,2
407,"20200729",0,0,2
408,"20200729",0,0,5
409,"20200729",0,0,2
410,"20200729",0,0,90
411,"20200729",0,0,2
412,"20200729",0,0,2
413,"20200729",0,0,2
414,"20200729",0,0,2
415,"20200729",0,0,2
416,"20200729",0,0,2
417,"20200729",0,0,2
418,"20200729",0,0,2
419,"20200729",0,0,19
420,"20200729",0,0,29
421,"20200729",0,0,5
422,"20200729",0,0,2
423,"20200729",0,0,15
424,"20200729",0,0,66
425,"20200729",0,0,65
426,"20200729",0,0,2
427,"20200729",0,0,2
428,"20200729",0,0,2
429,"20200729",0,0,2
430,"20200729",0,0,2
431,"20200729",0,0,2
432,"20200729",0,0,3
433,"20200729",0,0,33
434,"20200729",0,0,5
435,"20200729",0,0,33
436,"20200729",0,0,2
437,"20200729",0,0,3
438,"20200729",0,0,5
439,"20200729",0,0,2
440,"20200729",0,0,2
441,"20200729",0,0,2
442,"20200729",0,0,2
443,"20200729",0,0,2
444,"20200729",0,0,14
445,"20200729",0,0,13
446,"20200729",0,0,8
447,"20200729",0,0,16
448,"20200729",0,0,2
449,"20200729",0,0,2
450,"20200729",0,0,9
451,"20200729",0,0,9
452,"20200729",0,0,3
453,"20200729",0,0,26
454,"20200729",0,0,8
455,"20200729",0,0,4
456,"20200729",0,0,7
457,"20200729",0,0,3
458,"20200729",0,0,11
459,"20200729",0,0,3
460,"20200729",0,0,6
461,"20200729",0,0,2
462,"20200729",0,0,18
463,"20200729",0,0,2
464,"20200729",0,0,2
465,"20200729",0,0,2
466,"20200729",0,0,2
467,"20200729",0,0,5
468,"20200729",0,0,2
469,"20200729",0,0,2
470,"20200729",0,0,2
471,"20200729",0,0,5
472,"20200729",0,0,3
473,"20200729",0,0,6
474,"20200729",0,0,4
475,"20200729",0,0,2
476,"20200729",0,0,6
477,"20200729",0,0,3
478,"20200729",0,0,2
479,"20200729",0,0,3
480,"20200729",0,0,2
481,"20200729",0,0,6
482,"20200729",0,0,26
483,"20200729",0,0,2
484,"20200729",0,0,11
485,"20200729",0,0,2
486,"20200729",0,0,2
487,"20200729",0,0,12
488,"20200729",0,0,14
489,"20200729",0,0,3
490,"20200729",0,0,4
491,"20200729",0,0,22
492,"20200729",0,0,62
493,"20200729",0,0,12
494,"20200729",0,0,2
495,"20200729",0,0,3
496,"20200729",0,0,10
497,"20200729",0,0,96
498,"20200729",0,0,4
499,"20200729",0,0,2
500,"20200729",0,0,26
501,"20200729",0,0,2
502,"20200729",0,0,19
503,"20200729",0,0,21
504,"20200729",0,0,8
505,"20200729",0,0,2
506,"20200729",0,0,5
507,"20200729",0,0,2
508,"20200729",0,0,32
509,"20200729",0,0,13
510,"20200729",0,0,2
511,"20200729",0,0,74
512,"20200729",0,0,2
513,"20200729",0,0,8
514,"20200729",0,0,10
515,"20200729",0,0,7
516,"20200729",0,0,2
517,"20200729",0,0,5
518,"20200729",0,0,5
519,"20200729",0,0,8
520,"20200729",0,0,11
521,"20200729",0,0,62
522,"20200729",0,0,8
523,"20200729",0,0,8
524,"20200729",0,0,17
525,"20200729",0,0,8
526,"20200729",0,0,9
527,"20200729",0,0,8
528,"20200729",0,0,20
529,"20200729",0,0,20
530,"20200729",0,0,23
531,"20200729",0,0,5
532,"20200729",0,0,7
533,"20200729",0,0,32
534,"20200729",0,0,17
535,"20200729",0,0,5
536,"20200729",0,0,29
537,"20200729",0,0,2
538,"20200729",0,0,2
539,"20200729",0,0,2
540,"20200729",0,0,6
541,"20200729",0,0,4
542,"20200729",0,0,12
543,"20200729",0,0,2
544,"20200729",0,0,16
545,"20200729",0,0,2
546,"20200729",0,0,6
547,"20200729",0,0,18
548,"20200729",0,0,24
549,"20200729",0,0,2
550,"20200729",0,0,2
551,"20200729",0,0,2
552,"20200729",0,0,2
553,"20200729",0,0,2
554,"20200729",0,0,2
555,"20200729",0,0,2
556,"20200729",0,0,2
557,"20200729",0,0,58
558,"20200729",0,0,5
559,"20200729",0,0,43
560,"20200729",0,0,2
561,"20200729",0,0,2
562,"20200729",0,0,5
563,"20200729",0,0,14
564,"20200729",0,0,3
565,"20200729",0,0,2
566,"20200729",0,0,2
567,"20200729",0,0,3
568,"20200729",0,0,13
569,"20200729",0,0,10
570,"20200729",0,0,11
571,"20200729",0,0,2
572,"20200729",0,0,5
573,"20200729",0,0,22
574,"20200729",0,0,2
575,"20200729",0,0,2
576,"20200729",0,0,7
577,"20200729",0,0,2
578,"20200729",0,0,2
579,"20200729",0,0,6
580,"20200729",0,0,2
581,"20200729",0,0,25
582,"20200729",0,0,2
583,"20200729",0,0,2
584,"20200729",0,0,20
585,"20200729",0,0,2
586,"20200729",0,0,12
587,"20200729",0,0,72
588,"20200729",0,0,12
589,"20200729",0,0,2
590,"20200729",0,0,2
591,"20200729",0,0,2
592,"20200729",0,0,25
593,"20200729",0,0,8
594,"20200729",0,0,5
595,"20200729",0,0,7
596,"20200729",0,0,13
597,"20200729",0,0,23
598,"20200729",0,0,2
599,"20200729",0,0,12
600,"20200729",0,0,2
601,"20200729",0,0,2
602,"20200729",0,0,2
603,"20200729",0,0,8
604,"20200729",0,0,2
605,"20200729",0,0,2
606,"20200729",0,0,5
607,"20200729",0,0,39
608,"20200729",0,0,2
609,"20200729",0,0,2
610,"20200729",0,0,5
611,"20200729",0,0,2
612,"20200729",0,0,6
613,"20200729",0,0,10
614,"20200729",0,0,17
615,"20200729",0,0,2
616,"20200729",0,0,2
617,"20200729",0,0,2
618,"20200729",0,0,2
619,"20200729",0,0,8
620,"20200729",0,0,8
621,"20200729",0,0,6
622,"20200729",0,0,5
623,"20200729",0,0,2
624,"20200729",0,0,5
625,"20200729",0,0,13
626,"20200729",0,0,2
627,"20200729",0,0,2
628,"20200729",0,0,2
629,"20200729",0,0,21
630,"20200729",0,0,14
631,"20200729",0,0,2
632,"20200729",0,0,2
633,"20200729",0,0,2
634,"20200729",0,0,6
635,"20200729",0,0,15
636,"20200729",0,0,4
637,"20200729",0,0,2
638,"20200729",0,0,8
639,"20200729",0,0,8
640,"20200729",0,0,18
641,"20200729",0,0,5
642,"20200729",0,0,5
643,"20200729",0,0,9
644,"20200729",0,0,5
645,"20200729",0,0,2
646,"20200729",0,0,2
647,"20200729",0,0,12
648,"20200729",0,0,2
649,"20200729",0,0,7
650,"20200729",0,0,9
651,"20200729",0,0,2
652,"20200729",0,0,2
653,"20200729",0,0,8
654,"20200729",0,0,2
655,"20200729",0,0,30
656,"20200729",0,0,2
657,"20200729",0,0,2
658,"20200729",0,0,9
659,"20200729",0,0,3
660,"20200729",0,0,2
661,"20200729",0,0,2
662,"20200729",0,0,2
663,"20200729",0,0,4
664,"20200729",0,0,3
665,"20200729",0,0,2
666,"20200729",0,0,2
667,"20200729",0,0,2
668,"20200729",0,0,5
669,"20200729",0,0,2
670,"20200729",0,0,2
671,"20200729",0,0,2
672,"20200729",0,0,10
673,"20200729",0,0,10
674,"20200729",0,0,4
675,"20200729",0,0,2
676,"20200729",0,0,3
677,"20200729",0,0,2
678,"20200729",0,0,2
679,"20200729",0,0,8
680,"20200729",0,0,8
681,"20200729",0,0,2
682,"20200729",0,0,2
683,"20200729",0,0,2
684,"20200729",0,0,2
685,"20200729",0,0,2
686,"20200729",0,0,2
687,"20200729",0,0,5
688,"20200729",0,0,8
689,"20200729",0,0,4
690,"20200729",0,0,2
691,"20200729",0,0,7
692,"20200729",0,0,2
693,"20200729",0,0,2
694,"20200729",0,0,2
695,"20200729",0,0,12
696,"20200729",0,0,2
697,"20200729",0,0,14
698,"20200729",0,0,2
699,"20200729",0,0,5
700,"20200729",0,0,2
701,"20200729",0,0,2
702,"20200729",0,0,8
703,"20200729",0,0,8
704,"20200729",0,0,2
705,"20200729",0,0,2
706,"20200729",0,0,15
707,"20200729",0,0,12
708,"20200729",0,0,2
709,"20200729",0,0,2
710,"20200729",0,0,4
711,"20200729",0,0,4
712,"20200729",0,0,2
713,"20200729",0,0,2
714,"20200729",0,0,2
715,"20200729",0,0,2
716,"20200729",0,0,7
717,"20200729",0,0,12
718,"20200729",0,0,2
719,"20200729",0,0,2
720,"20200729",0,0,5
721,"20200729",0,0,2
722,"20200729",0,0,2
723,"20200729",0,0,2
724,"20200729",0,0,2
725,"20200729",0,0,2
726,"20200729",0,0,2
727,"20200729",0,0,4
728,"20200729",0,0,3
729,"20200729",0,0,2
730,"20200729",0,0,5
731,"20200729",0,0,9
732,"20200729",0,0,7
733,"20200729",0,0,5
734,"20200729",0,0,5
735,"20200729",0,0,6
736,"20200729",0,0,5
737,"20200729",0,0,15
738,"20200729",0,0,5
739,"20200729",0,0,5
740,"20200729",0,0,5
741,"20200729",0,0,8
742,"20200729",0,0,5
743,"20200729",0,0,5
744,"20200729",0,0,5
745,"20200729",0,0,5
746,"20200729",0,0,5
747,"20200729",0,0,2
748,"20200729",0,0,2
749,"20200729",0,0,23
750,"20200729",0,0,2
751,"20200729",0,0,2
752,"20200729",0,0,8
753,"20200729",0,0,2
754,"20200729",0,0,9
755,"20200729",0,0,12
756,"20200729",0,0,11
757,"20200729",0,0,29
758,"20200729",0,0,6
759,"20200729",0,0,42
760,"20200729",0,0,5
761,"20200729",0,0,5
762,"20200729",0,0,8
763,"20200729",0,0,5
764,"20200729",0,0,5
765,"20200729",0,0,11
766,"20200729",0,0,5
767,"20200729",0,0,5
768,"20200729",0,0,4
769,"20200729",0,0,2
770,"20200729",0,0,5
771,"20200729",0,0,4
772,"20200729",0,0,4
773,"20200729",0,0,2
774,"20200729",0,0,2
775,"20200729",0,0,5
776,"20200729",0,0,2
777,"20200729",0,0,2
778,"20200729",0,0,2
779,"20200729",0,0,19
780,"20200729",0,0,5
781,"20200729",0,0,2
782,"20200729",0,0,7
783,"20200729",0,0,5
784,"20200729",0,0,2
785,"20200729",0,0,6
786,"20200729",0,0,2
787,"20200729",0,0,2
788,"20200729",0,0,2
789,"20200729",0,0,21
790,"20200729",0,0,5
791,"20200729",0,0,2
792,"20200729",0,0,2
793,"20200729",0,0,2
794,"20200729",0,0,2
795,"20200729",0,0,2
796,"20200729",0,0,9
797,"20200729",0,0,2
798,"20200729",0,0,4
799,"20200729",0,0,3
800,"20200729",0,0,2
801,"20200729",0,0,2
802,"20200729",0,0,5
803,"20200729",0,0,2
804,"20200729",0,0,2
805,"20200729",0,0,2
806,"20200729",0,0,10
807,"20200729",0,0,2
808,"20200729",0,0,6
809,"20200729",0,0,6
810,"20200729",0,0,5
811,"20200729",0,0,5
812,"20200729",0,0,8
813,"20200729",0,0,5
814,"20200729",0,0,6
815,"20200729",0,0,5
816,"20200729",0,0,4
817,"20200729",0,0,7
818,"20200729",0,0,10
819,"20200729",0,0,2
820,"20200729",0,0,2
821,"20200729",0,0,4
822,"20200729",0,0,2
823,"20200729",0,0,5
824,"20200729",0,0,2
825,"20200729",0,0,2
826,"20200729",0,0,2
827,"20200729",0,0,2
828,"20200729",0,0,2
829,"20200729",0,0,2
830,"20200729",0,0,2
831,"20200729",0,0,2
832,"20200729",0,0,14
833,"20200729",0,0,11
834,"20200729",0,0,5
835,"20200729",0,0,2
836,"20200729",0,0,2
837,"20200729",0,0,2
838,"20200729",0,0,7
839,"20200729",0,0,5
840,"20200729",0,0,2
841,"20200729",0,0,2
842,"20200729",0,0,2
843,"20200729",0,0,5
844,"20200729",0,0,5
845,"20200729",0,0,2
846,"20200729",0,0,2
847,"20200729",0,0,2
848,"20200729",0,0,2
849,"20200729",0,0,2
850,"20200729",0,0,7
851,"20200729",0,0,2
852,"20200729",0,0,2
853,"20200729",0,0,30
854,"20200729",0,0,11
855,"20200729",0,0,2
856,"20200729",0,0,2
857,"20200729",0,0,7
858,"20200729",0,0,6
859,"20200729",0,0,8
860,"20200729",0,0,5
861,"20200729",0,0,2
862,"20200729",0,0,27
863,"20200729",0,0,2
864,"20200729",0,0,2
865,"20200729",0,0,4
866,"20200729",0,0,5
867,"20200729",0,0,2
868,"20200729",0,0,4
869,"20200729",0,0,11
870,"20200729",0,0,5
871,"20200729",0,0,4
872,"20200729",0,0,2
873,"20200729",0,0,2
874,"20200729",0,0,2
875,"20200729",0,0,2
876,"20200729",0,0,3
877,"20200729",0,0,2
878,"20200729",0,0,2
879,"20200729",0,0,2
880,"20200729",0,0,6
881,"20200729",0,0,3
882,"20200729",0,0,2
883,"20200729",0,0,5
884,"20200729",0,0,5
885,"20200729",0,0,5
886,"20200729",0,0,2
887,"20200729",0,0,4
888,"20200729",0,0,6
889,"20200729",0,0,2
890,"20200729",0,0,31
891,"20200729",0,0,2
892,"20200729",0,0,2
893,"20200729",0,0,2
894,"20200729",0,0,2
895,"20200729",0,0,2
896,"20200729",0,0,2
897,"20200729",0,0,2
898,"20200729",0,0,3
899,"20200729",0,0,2
900,"20200729",0,0,2
901,"20200729",0,0,16
902,"20200729",0,0,2
903,"20200729",0,0,12
904,"20200729",0,0,2
905,"20200729",0,0,3
906,"20200729",0,0,2
907,"20200729",0,0,2
908,"20200729",0,0,2
909,"20200729",0,0,2
910,"20200729",0,0,2
911,"20200729",0,0,2
912,"20200729",0,0,2
913,"20200729",0,0,4
914,"20200729",0,0,2
915,"20200729",0,0,10
916,"20200729",0,0,2
917,"20200729",0,0,2
918,"20200729",0,0,2
919,"20200729",0,0,1
920,"20200729",0,0,1
921,"20200729",0,0,1
922,"20200729",0,0,1
923,"20200729",0,0,3
924,"20200729",0,0,7
925,"20200729",0,0,1
926,"20200729",0,0,3
927,"20200729",0,0,1
928,"20200729",0,0,1
929,"20200729",0,0,1
930,"20200729",0,0,1
931,"20200729",0,0,2
932,"20200729",0,0,2
933,"20200729",0,0,2
934,"20200729",0,0,8
935,"20200729",0,0,2
936,"20200729",0,0,2
937,"20200729",0,0,2
938,"20200729",0,0,4
939,"20200729",0,0,4
940,"20200729",0,0,2
941,"20200729",0,0,2
942,"20200729",0,0,2
943,"20200729",0,0,5
944,"20200729",0,0,2
945,"20200729",0,0,2
946,"20200729",0,0,2
947,"20200729",0,0,4
948,"20200729",0,0,2
949,"20200729",0,0,2
950,"20200729",0,0,2
951,"20200729",0,0,5
952,"20200729",0,0,6
953,"20200729",0,0,2
954,"20200729",0,0,3
955,"20200729",0,0,2
956,"20200729",0,0,2
957,"20200729",0,0,2
958,"20200729",0,0,2
959,"20200729",0,0,2
960,"20200729",0,0,2
961,"20200729",0,0,2
962,"20200729",0,0,2
963,"20200729",0,0,2
964,"20200729",0,0,4
965,"20200729",0,0,6
966,"20200729",0,0,4
967,"20200729",0,0,5
968,"20200729",0,0,4
969,"20200729",0,0,5
970,"20200729",0,0,4
971,"20200729",0,0,4
972,"20200729",0,0,16
973,"20200729",0,0,7
974,"20200729",0,0,3
975,"20200729",0,0,3
976,"20200729",0,0,5
977,"20200729",0,0,5
978,"20200729",0,0,5
979,"20200729",0,0,12
980,"20200729",0,0,11
981,"20200729",0,0,6
982,"20200729",0,0,3
983,"20200729",0,0,3
984,"20200729",0,0,7
985,"20200729",0,0,9
986,"20200729",0,0,4
987,"20200729",0,0,5
988,"20200729",0,0,5
989,"20200729",0,0,16
990,"20200729",0,0,33
991,"20200729",0,0,7
992,"20200729",0,0,3
993,"20200729",0,0,35
994,"20200729",0,0,15
995,"20200729",0,0,11
996,"20200729",0,0,2
997,"20200729",0,0,36
998,"20200729",0,0,2
999,"20200729",0,0,5
1000,"20200729",0,0,17
1001,"20200729",0,0,11
1002,"20200729",0,0,10
1003,"20200729",0,0,2
1004,"20200729",0,0,3
1005,"20200729",0,0,11
1006,"20200729",0,0,5
1007,"20200729",0,0,9
1008,"20200729",0,0,6
1009,"20200729",0,0,20
1010,"20200729",0,0,20
1011,"20200729",0,0,7
1012,"20200729",0,0,3
1013,"20200729",0,0,5
1014,"20200729",0,0,7
1015,"20200729",0,0,15
1016,"20200729",0,0,6
1017,"20200729",0,0,6
1018,"20200729",0,0,19
1019,"20200729",0,0,11
1020,"20200729",0,0,20
1021,"20200729",0,0,11
1022,"20200729",0,0,12
1023,"20200729",0,0,13
1024,"20200729",0,0,6
1025,"20200729",0,0,6
1026,"20200729",0,0,10
1027,"20200729",0,0,10
1028,"20200729",0,0,15
1029,"20200729",0,0,9
1030,"20200729",0,0,9
1031,"20200729",0,0,3
1032,"20200729",0,0,3
1033,"20200729",0,0,6
1034,"20200729",0,0,6
1035,"20200729",0,0,3
1036,"20200729",0,0,3
1037,"20200729",0,0,7
1038,"20200729",0,0,7
1039,"20200729",0,0,7
1040,"20200729",0,0,3
1041,"20200729",0,0,3
1042,"20200729",0,0,3
1043,"20200729",0,0,3
1044,"20200729",0,0,3
1045,"20200729",0,0,17
1046,"20200729",0,0,16
1047,"20200729",0,0,12
1048,"20200729",0,0,3
1049,"20200729",0,0,3
1050,"20200729",0,0,3
1051,"20200729",0,0,3
1052,"20200729",0,0,3
1053,"20200729",0,0,5
1054,"20200729",0,0,4
1055,"20200729",0,0,3
1056,"20200729",0,0,3
1057,"20200729",0,0,21
1058,"20200729",0,0,12
1059,"20200729",0,0,2
1060,"20200729",0,0,2
1061,"20200729",0,0,15
1062,"20200729",0,0,2
1063,"20200729",0,0,8
1064,"20200729",0,0,4
1065,"20200729",0,0,5
1066,"20200729",0,0,3
1067,"20200729",0,0,3
1068,"20200729",0,0,5
1069,"20200729",0,0,5
1070,"20200729",0,0,5
1071,"20200729",0,0,4
1072,"20200729",0,0,3
1073,"20200729",0,0,2
1074,"20200729",0,0,4
1075,"20200729",0,0,3
1076,"20200729",0,0,12
1077,"20200729",0,0,3
1078,"20200729",0,0,4
1079,"20200729",0,0,6
1080,"20200729",0,0,2
1081,"20200729",0,0,2
1082,"20200729",0,0,2
1083,"20200729",0,0,2
1084,"20200729",0,0,2
1085,"20200729",0,0,2
1086,"20200729",0,0,2
1087,"20200729",0,0,2
1088,"20200729",0,0,2
1089,"20200729",0,0,2
1090,"20200729",0,0,2
1091,"20200729",0,0,2
1092,"20200729",0,0,2
1093,"20200729",0,0,2
1094,"20200729",0,0,2
1095,"20200729",0,0,2
1096,"20200729",0,0,2
1097,"20200729",0,0,2
1098,"20200729",0,0,2
1099,"20200729",0,0,2
1100,"20200729",0,0,2
1101,"20200729",0,0,2
1102,"20200729",0,0,2
1103,"20200729",0,0,2
1104,"20200729",0,0,5
1105,"20200729",0,0,2
1106,"20200729",0,0,2
1107,"20200729",0,0,5
1108,"20200729",0,0,2
1109,"20200729",0,0,2
1110,"20200729",0,0,4
1111,"20200729",0,0,2
1112,"20200729",0,0,2
1113,"20200729",0,0,7
1114,"20200729",0,0,2
1115,"20200729",0,0,13
1116,"20200729",0,0,4
1117,"20200729",0,0,5
1118,"20200729",0,0,2
1119,"20200729",0,0,4
1120,"20200729",0,0,2
1121,"20200729",0,0,2
1122,"20200729",0,0,4
1123,"20200729",0,0,2
1124,"20200729",0,0,6
1125,"20200729",0,0,1
1126,"20200729",0,0,20
1127,"20200729",0,0,2
1128,"20200729",0,0,31
1129,"20200729",0,0,0
1130,"20200729",0,0,8
1131,"20200729",0,0,0
1132,"20200729",0,0,0
1133,"20200729",0,0,3
1134,"20200729",0,0,0
1135,"20200729",0,0,9
1136,"20200729",0,0,4
1137,"20200729",0,0,4
1138,"20200729",0,0,1
1139,"20200729",0,0,1
1140,"20200729",0,0,1
1141,"20200729",0,0,1
1142,"20200729",0,0,1
1143,"20200729",0,0,1
1144,"20200729",0,0,2
1145,"20200729",0,0,7
1146,"20200729",0,0,1
1147,"20200729",0,0,1
1148,"20200729",0,0,1
1149,"20200729",0,0,1
1150,"20200729",0,0,7
1151,"20200729",0,0,1
1152,"20200729",0,0,1
1153,"20200729",0,0,1
1154,"20200729",0,0,3
1155,"20200729",0,0,1
1156,"20200729",0,0,1
1157,"20200729",0,0,5
1158,"20200729",0,0,1
1159,"20200729",0,0,1
1160,"20200729",0,0,1
1161,"20200729",0,0,1
1162,"20200729",0,0,1
1163,"20200729",0,0,1
1164,"20200729",0,0,1
1165,"20200729",0,0,1
1166,"20200729",0,0,1
1167,"20200729",0,0,16
1168,"20200729",0,0,6
1169,"20200729",0,0,3
1170,"20200729",0,0,5
1171,"20200729",0,0,3
1172,"20200729",0,0,1
1173,"20200729",0,0,1
1174,"20200729",0,0,1
1175,"20200729",0,0,1
1176,"20200729",0,0,1
1177,"20200729",0,0,1
1178,"20200729",0,0,1
1179,"20200729",0,0,1
1180,"20200729",0,0,1
1181,"20200729",0,0,1
1182,"20200729",0,0,5
1183,"20200729",0,0,6
1184,"20200729",0,0,1
1185,"20200729",0,0,1
1186,"20200729",0,0,1
1187,"20200729",0,0,3
1188,"20200729",0,0,3
1189,"20200729",0,0,1
1190,"20200729",0,0,1
1191,"20200729",0,0,1
1192,"20200729",0,0,1
1193,"20200729",0,0,3
1194,"20200729",0,0,3
1195,"20200729",0,0,1
1196,"20200729",0,0,1
1197,"20200729",0,0,1
1198,"20200729",0,0,1
1199,"20200729",0,0,6
1200,"20200729",0,0,16
1201,"20200729",0,0,1
1202,"20200729",0,0,1
1203,"20200729",0,0,1
1204,"20200729",0,0,3
1205,"20200729",0,0,1
1206,"20200729",0,0,3
1207,"20200729",0,0,2
1208,"20200729",0,0,1
1209,"20200729",0,0,1
1210,"20200729",0,0,3
1211,"20200729",0,0,1
1212,"20200729",0,0,1
1213,"20200729",0,0,1
1214,"20200729",0,0,1
1215,"20200729",0,0,1
1216,"20200729",0,0,1
1217,"20200729",0,0,2
1218,"20200729",0,0,4
1219,"20200729",0,0,1
1220,"20200729",0,0,7
1221,"20200729",0,0,1
1222,"20200729",0,0,1
1223,"20200729",0,0,2
1224,"20200729",0,0,1
1225,"20200729",0,0,3
1226,"20200729",0,0,1
1227,"20200729",0,0,11
1228,"20200729",0,0,5
1229,"20200729",0,0,3
1230,"20200729",0,0,5
1231,"20200729",0,0,9
1232,"20200729",0,0,8
1233,"20200729",0,0,5
1234,"20200729",0,0,5
1235,"20200729",0,0,16
1236,"20200729",0,0,5
1237,"20200729",0,0,3
1238,"20200729",0,0,3
1239,"20200729",0,0,5
1240,"20200729",0,0,21
1241,"20200729",0,0,5
1242,"20200729",0,0,7
1243,"20200729",0,0,5
1244,"20200729",0,0,5
1245,"20200729",0,0,5
1246,"20200729",0,0,5
1247,"20200729",0,0,5
1248,"20200729",0,0,5
1249,"20200729",0,0,1
1250,"20200729",0,0,27
1251,"20200729",0,0,2
1252,"20200729",0,0,1
1253,"20200729",0,0,1
1254,"20200729",0,0,1
1255,"20200729",0,0,1
1256,"20200729",0,0,3
1257,"20200729",0,0,1
1258,"20200729",0,0,1
1259,"20200729",0,0,1
1260,"20200729",0,0,1
1261,"20200729",0,0,5
1262,"20200729",0,0,1
1263,"20200729",0,0,1
1264,"20200729",0,0,5
1265,"20200729",0,0,1
1266,"20200729",0,0,1
1267,"20200729",0,0,2
1268,"20200729",0,0,1
1269,"20200729",0,0,1
1270,"20200729",0,0,1
1271,"20200729",0,0,1
1272,"20200729",0,0,1
1273,"20200729",0,0,1
1274,"20200729",0,0,1
1275,"20200729",0,0,3
1276,"20200729",0,0,1
1277,"20200729",0,0,1
1278,"20200729",0,0,3
1279,"20200729",0,0,3
1280,"20200729",0,0,1
1281,"20200729",0,0,1
1282,"20200729",0,0,2
1283,"20200729",0,0,6
1284,"20200729",0,0,22
1285,"20200729",0,0,2
1286,"20200729",0,0,1
1287,"20200729",0,0,1
1288,"20200729",0,0,1
1289,"20200729",0,0,3
1290,"20200729",0,0,1
1291,"20200729",0,0,1
1292,"20200729",0,0,1
1293,"20200729",0,0,1
1294,"20200729",0,0,1
1295,"20200729",0,0,7
1296,"20200729",0,0,13
1297,"20200729",0,0,19
1298,"20200729",0,0,1
1299,"20200729",0,0,1
1300,"20200729",0,0,1
1301,"20200729",0,0,1
1302,"20200729",0,0,1
1303,"20200729",0,0,1
1304,"20200729",0,0,2
1305,"20200729",0,0,1
1306,"20200729",0,0,2
1307,"20200729",0,0,2
1308,"20200729",0,0,1
1309,"20200729",0,0,1
1310,"20200729",0,0,4
1311,"20200729",0,0,1
1312,"20200729",0,0,1
1313,"20200729",0,0,1
1314,"20200729",0,0,7
1315,"20200729",0,0,3
1316,"20200729",0,0,1
1317,"20200729",0,0,1
1318,"20200729",0,0,1
1319,"20200729",0,0,4
1320,"20200729",0,0,1
1321,"20200729",0,0,3
1322,"20200729",0,0,1
1323,"20200729",0,0,1
1324,"20200729",0,0,5
1325,"20200729",0,0,1
1326,"20200729",0,0,1
1327,"20200729",0,0,2
1328,"20200729",0,0,1
1329,"20200729",0,0,1
1330,"20200729",0,0,1
1331,"20200729",0,0,3
1332,"20200729",0,0,1
1333,"20200729",0,0,8
1334,"20200729",0,0,1
1335,"20200729",0,0,1
1336,"20200729",0,0,1
1337,"20200729",0,0,1
1338,"20200729",0,0,2
1339,"20200729",0,0,1
1340,"20200729",0,0,1
1341,"20200729",0,0,1
1342,"20200729",0,0,1
1343,"20200729",0,0,1
1344,"20200729",0,0,1
1345,"20200729",0,0,0
1346,"20200729",0,0,0
1347,"20200729",0,0,0
1348,"20200729",0,0,1
1349,"20200729",0,0,11
1350,"20200729",0,0,23
1351,"20200729",0,0,0
1352,"20200729",0,0,2
1353,"20200729",0,0,2
1354,"20200729",0,0,3
1355,"20200729",0,0,0
1356,"20200729",0,0,0
1357,"20200729",0,0,2
1358,"20200729",0,0,0
1359,"20200729",0,0,0
1360,"20200729",0,0,5
1361,"20200729",0,0,3
1362,"20200729",0,0,0
1363,"20200729",0,0,0
1364,"20200729",0,0,0
1365,"20200729",0,0,1
1366,"20200729",0,0,1
1367,"20200729",0,0,0
1368,"20200729",0,0,1
1369,"20200729",0,0,0
1370,"20200729",0,0,2
1371,"20200729",0,0,0
1372,"20200729",0,0,8
1373,"20200729",0,0,2
1374,"20200729",0,0,0
1375,"20200729",0,0,0
1376,"20200729",0,0,7
1377,"20200729",0,0,12
1378,"20200729",0,0,11
1379,"20200729",0,0,5
1380,"20200729",0,0,5
1381,"20200729",0,0,5
1382,"20200729",0,0,7
1383,"20200729",0,0,6
1384,"20200729",0,0,5
1385,"20200729",0,0,5
1386,"20200729",0,0,5
1387,"20200729",0,0,5
1388,"20200729",0,0,5
1389,"20200729",0,0,6
1390,"20200729",0,0,6
1391,"20200729",0,0,5
1392,"20200729",0,0,5
1393,"20200729",0,0,5
1394,"20200729",0,0,5
1395,"20200729",0,0,5
1396,"20200729",0,0,5
1397,"20200729",0,0,5
1398,"20200729",0,0,5
1399,"20200729",0,0,5
1400,"20200729",0,0,11
1401,"20200729",0,0,5
1402,"20200729",0,0,11
1403,"20200729",0,0,5
1404,"20200729",0,0,5
1405,"20200729",0,0,5
1406,"20200729",0,0,19
1407,"20200729",0,0,7
1408,"20200729",0,0,5
1409,"20200729",0,0,7
1410,"20200729",0,0,8
1411,"20200729",0,0,5
1412,"20200729",0,0,15
1413,"20200729",0,0,9
1414,"20200729",0,0,1
1415,"20200729",0,0,3
1416,"20200729",0,0,1
1417,"20200729",0,0,1
1418,"20200729",0,0,27
1419,"20200729",0,0,1
1420,"20200729",0,0,1
1421,"20200729",0,0,3
1422,"20200729",0,0,3
1423,"20200729",0,0,1
1424,"20200729",0,0,1
1425,"20200729",0,0,1
1426,"20200729",0,0,7
1427,"20200729",0,0,1
1428,"20200729",0,0,2
1429,"20200729",0,0,3
1430,"20200729",0,0,1
1431,"20200729",0,0,1
1432,"20200729",0,0,1
1433,"20200729",0,0,1
1434,"20200729",0,0,1
1435,"20200729",0,0,1
1436,"20200729",0,0,1
1437,"20200729",0,0,1
1438,"20200729",0,0,4
1439,"20200729",0,0,1
1440,"20200729",0,0,1
1441,"20200729",0,0,3
1442,"20200729",0,0,1
1443,"20200729",0,0,11
1444,"20200729",0,0,19
1445,"20200729",0,0,11
1446,"20200729",0,0,12
1447,"20200729",0,0,7
1448,"20200729",0,0,7
1449,"20200729",0,0,7
1450,"20200729",0,0,7
1451,"20200729",0,0,6
1452,"20200729",0,0,1
1453,"20200729",0,0,1
1454,"20200729",0,0,2
1455,"20200729",0,0,1
1456,"20200729",0,0,2
1457,"20200729",0,0,4
1458,"20200729",0,0,4
1459,"20200729",0,0,4
1460,"20200729",0,0,9
1461,"20200729",0,0,4
1462,"20200729",0,0,4
1463,"20200729",0,0,4
1464,"20200729",0,0,4
1465,"20200729",0,0,4
1466,"20200729",0,0,14
1467,"20200729",0,0,9
1468,"20200729",0,0,4
1469,"20200729",0,0,5
1470,"20200729",0,0,4
1471,"20200729",0,0,9
1472,"20200729",0,0,17
1473,"20200729",0,0,5
1474,"20200729",0,0,7
1475,"20200729",0,0,4
1476,"20200729",0,0,4
1477,"20200729",0,0,6
1478,"20200729",0,0,4
1479,"20200729",0,0,2
1480,"20200729",0,0,1
1481,"20200729",0,0,3
1482,"20200729",0,0,1
1483,"20200729",0,0,1
1484,"20200729",0,0,5
1485,"20200729",0,0,3
1486,"20200729",0,0,2
1487,"20200729",0,0,1
1488,"20200729",0,0,3
1489,"20200729",0,0,1
1490,"20200729",0,0,19
1491,"20200729",0,0,1
1492,"20200729",0,0,3
1493,"20200729",0,0,3
1494,"20200729",0,0,1
1495,"20200729",0,0,1
1496,"20200729",0,0,1
1497,"20200729",0,0,1
1498,"20200729",0,0,6
1499,"20200729",0,0,1
1500,"20200729",0,0,2
1501,"20200729",0,0,3
1502,"20200729",0,0,1
1503,"20200729",0,0,6
1504,"20200729",0,0,1
1505,"20200729",0,0,1
1506,"20200729",0,0,1
1507,"20200729",0,0,1
1508,"20200729",0,0,5
1509,"20200729",0,0,1
1510,"20200729",0,0,1
1511,"20200729",0,0,1
1512,"20200729",0,0,1
1513,"20200729",0,0,1
1514,"20200729",0,0,5
1515,"20200729",0,0,1
1516,"20200729",0,0,1
1517,"20200729",0,0,1
1518,"20200729",0,0,2
1519,"20200729",0,0,3
1520,"20200729",0,0,1
1521,"20200729",0,0,1
1522,"20200729",0,0,1
1523,"20200729",0,0,1
1524,"20200729",0,0,2
1525,"20200729",0,0,1
1526,"20200729",0,0,1
1527,"20200729",0,0,7
1528,"20200729",0,0,5
1529,"20200729",0,0,5
1530,"20200729",0,0,5
1531,"20200729",0,0,6
1532,"20200729",0,0,5
1533,"20200729",0,0,21
1534,"20200729",0,0,5
1535,"20200729",0,0,13
1536,"20200729",0,0,5
1537,"20200729",0,0,5
1538,"20200729",0,0,5
1539,"20200729",0,0,5
1540,"20200729",0,0,5
1541,"20200729",0,0,1
1542,"20200729",0,0,2
1543,"20200729",0,0,1
1544,"20200729",0,0,2
1545,"20200729",0,0,3
1546,"20200729",0,0,5
1547,"20200729",0,0,3
1548,"20200729",0,0,3
1549,"20200729",0,0,8
1550,"20200729",0,0,3
1551,"20200729",0,0,3
1552,"20200729",0,0,5
1553,"20200729",0,0,16
1554,"20200729",0,0,12
1555,"20200729",0,0,13
1556,"20200729",0,0,1
1557,"20200729",0,0,7
1558,"20200729",0,0,2
1559,"20200729",0,0,5
1560,"20200729",0,0,3
1561,"20200729",0,0,3
1562,"20200729",0,0,5
1563,"20200729",0,0,7
1564,"20200729",0,0,5
1565,"20200729",0,0,1
1566,"20200729",0,0,1
1567,"20200729",0,0,3
1568,"20200729",0,0,1
1569,"20200729",0,0,1
1570,"20200729",0,0,1
1571,"20200729",0,0,1
1572,"20200729",0,0,1
1573,"20200729",0,0,1
1574,"20200729",0,0,3
1575,"20200729",0,0,1
1576,"20200729",0,0,1
1577,"20200729",0,0,1
1578,"20200729",0,0,1
1579,"20200729",0,0,4
1580,"20200729",0,0,1
1581,"20200729",0,0,1
1582,"20200729",0,0,1
1583,"20200729",0,0,1
1584,"20200729",0,0,1
1585,"20200729",0,0,1
1586,"20200729",0,0,2
1587,"20200729",0,0,1
1588,"20200729",0,0,1
1589,"20200729",0,0,3
1590,"20200729",0,0,4
1591,"20200729",0,0,3
1592,"20200729",0,0,1
1593,"20200729",0,0,5
1594,"20200729",0,0,1
1595,"20200729",0,0,1
1596,"20200729",0,0,1
1597,"20200729",0,0,1
1598,"20200729",0,0,1
1599,"20200729",0,0,1
1600,"20200729",0,0,1
1601,"20200729",0,0,1
1602,"20200729",0,0,11
1603,"20200729",0,0,1
1604,"20200729",0,0,1
1605,"20200729",0,0,1
1606,"20200729",0,0,3
1607,"20200729",0,0,2
1608,"20200729",0,0,4
1609,"20200729",0,0,1
1610,"20200729",0,0,1
1611,"20200729",0,0,2
1612,"20200729",0,0,2
1613,"20200729",0,0,1
1614,"20200729",0,0,1
1615,"20200729",0,0,1
1616,"20200729",0,0,25
1617,"20200729",0,0,3
1618,"20200729",0,0,4
1619,"20200729",0,0,3
1620,"20200729",0,0,5
1621,"20200729",0,0,3
1622,"20200729",0,0,5
1623,"20200729",0,0,3
1624,"20200729",0,0,6
1625,"20200729",0,0,3
1626,"20200729",0,0,6
1627,"20200729",0,0,5
1628,"20200729",0,0,4
1629,"20200729",0,0,1
1630,"20200729",0,0,5
1631,"20200729",0,0,1
1632,"20200729",0,0,9
1633,"20200729",0,0,1
1634,"20200729",0,0,3
1635,"20200729",0,0,3
1636,"20200729",0,0,3
1637,"20200729",0,0,5
1638,"20200729",0,0,1
1639,"20200729",0,0,1
1640,"20200729",0,0,1
1641,"20200729",0,0,1
1642,"20200729",0,0,2
1643,"20200729",0,0,1
1644,"20200729",0,0,5
1645,"20200729",0,0,1
1646,"20200729",0,0,5
1647,"20200729",0,0,7
1648,"20200729",0,0,27
1649,"20200729",0,0,3
1650,"20200729",0,0,7
1651,"20200729",0,0,3
1652,"20200729",0,0,3
1653,"20200729",0,0,12
1654,"20200729",0,0,3
1655,"20200729",0,0,3
1656,"20200729",0,0,3
1657,"20200729",0,0,3
1658,"20200729",0,0,3
1659,"20200729",0,0,3
1660,"20200729",0,0,15
1661,"20200729",0,0,3
1662,"20200729",0,0,1
1663,"20200729",0,0,1
1664,"20200729",0,0,7
1665,"20200729",0,0,1
1666,"20200729",0,0,1
1667,"20200729",0,0,1
1668,"20200729",0,0,1
1669,"20200729",0,0,1
1670,"20200729",0,0,1
1671,"20200729",0,0,1
1672,"20200729",0,0,8
1673,"20200729",0,0,1
1674,"20200729",0,0,3
1675,"20200729",0,0,1
1676,"20200729",0,0,2
1677,"20200729",0,0,2
1678,"20200729",0,0,5
1679,"20200729",0,0,1
1680,"20200729",0,0,9
1681,"20200729",0,0,1
1682,"20200729",0,0,1
1683,"20200729",0,0,1
1684,"20200729",0,0,1
1685,"20200729",0,0,1
1686,"20200729",0,0,1
1687,"20200729",0,0,1
1688,"20200729",0,0,1
1689,"20200729",0,0,1
1690,"20200729",0,0,1
1691,"20200729",0,0,1
1692,"20200729",0,0,1
1693,"20200729",0,0,1
1694,"20200729",0,0,1
1695,"20200729",0,0,4
1696,"20200729",0,0,1
1697,"20200729",0,0,1
1698,"20200729",0,0,1
1699,"20200729",0,0,1
1700,"20200729",0,0,12
1701,"20200729",0,0,2
1702,"20200729",0,0,9
1703,"20200729",0,0,5
1704,"20200729",0,0,5
1705,"20200729",0,0,18
1706,"20200729",0,0,20
1707,"20200729",0,0,6
1708,"20200729",0,0,12
1709,"20200729",0,0,7
1710,"20200729",0,0,9
1711,"20200729",0,0,6
1712,"20200729",0,0,1
1713,"20200729",0,0,1
1714,"20200729",0,0,1
1715,"20200729",0,0,13
1716,"20200729",0,0,1
1717,"20200729",0,0,1
1718,"20200729",0,0,1
1719,"20200729",0,0,1
1720,"20200729",0,0,1
1721,"20200729",0,0,1
1722,"20200729",0,0,3
1723,"20200729",0,0,6
1724,"20200729",0,0,4
1725,"20200729",0,0,3
1726,"20200729",0,0,3
1727,"20200729",0,0,3
1728,"20200729",0,0,3
1729,"20200729",0,0,7
1730,"20200729",0,0,4
1731,"20200729",0,0,3
1732,"20200729",0,0,4
1733,"20200729",0,0,5
1734,"20200729",0,0,8
1735,"20200729",0,0,8
1736,"20200729",0,0,8
1737,"20200729",0,0,12
1738,"20200729",0,0,8
1739,"20200729",0,0,10
1740,"20200729",0,0,10
1741,"20200729",0,0,8
1742,"20200729",0,0,8
1743,"20200729",0,0,8
1744,"20200729",0,0,16
1745,"20200729",0,0,17
1746,"20200729",0,0,8
1747,"20200729",0,0,9
1748,"20200729",0,0,12
1749,"20200729",0,0,8
1750,"20200729",0,0,8
1751,"20200729",0,0,8
1752,"20200729",0,0,8
1753,"20200729",0,0,14
1754,"20200729",0,0,8
1755,"20200729",0,0,17
1756,"20200729",0,0,13
1757,"20200729",0,0,13
1758,"20200729",0,0,11
1759,"20200729",0,0,15
1760,"20200729",0,0,13
1761,"20200729",0,0,13
1762,"20200729",0,0,11
1763,"20200729",0,0,13
1764,"20200729",0,0,1
1765,"20200729",0,0,8
1766,"20200729",0,0,1
1767,"20200729",0,0,4
1768,"20200729",0,0,3
1769,"20200729",0,0,1
1770,"20200729",0,0,26
1771,"20200729",0,0,4
1772,"20200729",0,0,1
1773,"20200729",0,0,2
1774,"20200729",0,0,6
1775,"20200729",0,0,6
1776,"20200729",0,0,6
1777,"20200729",0,0,1
1778,"20200729",0,0,1
1779,"20200729",0,0,3
1780,"20200729",0,0,4
1781,"20200729",0,0,1
1782,"20200729",0,0,2
1783,"20200729",0,0,6
1784,"20200729",0,0,1
1785,"20200729",0,0,1
1786,"20200729",0,0,1
1787,"20200729",0,0,5
1788,"20200729",0,0,2
1789,"20200729",0,0,5
1790,"20200729",0,0,1
1791,"20200729",0,0,5
1792,"20200729",0,0,5
1793,"20200729",0,0,1
1794,"20200729",0,0,1
1795,"20200729",0,0,1
1796,"20200729",0,0,1
1797,"20200729",0,0,2
1798,"20200729",0,0,3
1799,"20200729",0,0,1
1800,"20200729",0,0,1
1801,"20200729",0,0,1
1802,"20200729",0,0,1
1803,"20200729",0,0,1
1804,"20200729",0,0,1
1805,"20200729",0,0,1
1806,"20200729",0,0,2
1807,"20200729",0,0,1
1808,"20200729",0,0,1
1809,"20200729",0,0,1
1810,"20200729",0,0,1
1811,"20200729",0,0,1
1812,"20200729",0,0,5
1813,"20200729",0,0,15
1814,"20200729",0,0,2
1815,"20200729",0,0,1
1816,"20200729",0,0,1
1817,"20200729",0,0,3
1818,"20200729",0,0,1
1819,"20200729",0,0,1
1820,"20200729",0,0,1
1821,"20200729",0,0,1
1822,"20200729",0,0,1
1823,"20200729",0,0,1
1824,"20200729",0,0,1
1825,"20200729",0,0,2
1826,"20200729",0,0,1
1827,"20200729",0,0,1
1828,"20200729",0,0,1
1829,"20200729",0,0,4
1830,"20200729",0,0,3
1831,"20200729",0,0,2
1832,"20200729",0,0,3
1833,"20200729",0,0,1
1834,"20200729",0,0,1
1835,"20200729",0,0,2
1836,"20200729",0,0,2
1837,"20200729",0,0,1
1838,"20200729",0,0,1
1839,"20200729",0,0,1
1840,"20200729",0,0,2
1841,"20200729",0,0,1
1842,"20200729",0,0,3
1843,"20200729",0,0,1
1844,"20200729",0,0,1
1845,"20200729",0,0,1
1846,"20200729",0,0,1
1847,"20200729",0,0,3
1848,"20200729",0,0,1
1849,"20200729",0,0,2
1850,"20200729",0,0,1
1851,"20200729",0,0,1
1852,"20200729",0,0,2
1853,"20200729",0,0,5
1854,"20200729",0,0,12
1855,"20200729",0,0,5
1856,"20200729",0,0,5
1857,"20200729",0,0,5
1858,"20200729",0,0,5
1859,"20200729",0,0,5
1860,"20200729",0,0,5
1861,"20200729",0,0,5
1862,"20200729",0,0,5
1863,"20200729",0,0,5
1864,"20200729",0,0,5
1865,"20200729",0,0,5
1866,"20200729",0,0,5
1867,"20200729",0,0,5
1868,"20200729",0,0,5
1869,"20200729",0,0,1
1870,"20200729",0,0,1
1871,"20200729",0,0,13
1872,"20200729",0,0,1
1873,"20200729",0,0,1
1874,"20200729",0,0,11
1875,"20200729",0,0,1
1876,"20200729",0,0,1
1877,"20200729",0,0,1
1878,"20200729",0,0,1
1879,"20200729",0,0,1
1880,"20200729",0,0,1
1881,"20200729",0,0,1
1882,"20200729",0,0,1
1883,"20200729",0,0,1
1884,"20200729",0,0,5
1885,"20200729",0,0,5
1886,"20200729",0,0,5
1887,"20200729",0,0,1
1888,"20200729",0,0,1
1889,"20200729",0,0,3
1890,"20200729",0,0,3
1891,"20200729",0,0,3
1892,"20200729",0,0,3
1893,"20200729",0,0,3
1894,"20200729",0,0,3
1895,"20200729",0,0,3
1896,"20200729",0,0,3
1897,"20200729",0,0,3
1898,"20200729",0,0,1
1899,"20200729",0,0,1
1900,"20200729",0,0,7
1901,"20200729",0,0,1
1902,"20200729",0,0,3
1903,"20200729",0,0,1
1904,"20200729",0,0,1
1905,"20200729",0,0,5
1906,"20200729",0,0,6
1907,"20200729",0,0,1
1908,"20200729",0,0,1
1909,"20200729",0,0,1
1910,"20200729",0,0,1
1911,"20200729",0,0,3
1912,"20200729",0,0,1
1913,"20200729",0,0,1
1914,"20200729",0,0,1
1915,"20200729",0,0,1
1916,"20200729",0,0,1
1917,"20200729",0,0,2
1918,"20200729",0,0,1
1919,"20200729",0,0,1
1920,"20200729",0,0,1
1921,"20200729",0,0,1
1922,"20200729",0,0,1
1923,"20200729",0,0,1
1924,"20200729",0,0,1
1925,"20200729",0,0,1
1926,"20200729",0,0,3
1927,"20200729",0,0,1
1928,"20200729",0,0,4
1929,"20200729",0,0,1
1930,"20200729",0,0,1
1931,"20200729",0,0,1
1932,"20200729",0,0,0
1933,"20200729",0,0,0
1934,"20200729",0,0,2
1935,"20200729",0,0,2
1936,"20200729",0,0,0
1937,"20200729",0,0,3
1938,"20200729",0,0,1
1939,"20200729",0,0,1
1940,"20200729",0,0,0
1941,"20200729",0,0,0
1942,"20200729",0,0,0
1943,"20200729",0,0,0
1944,"20200729",0,0,0
1945,"20200729",0,0,1
1946,"20200729",0,0,0
1947,"20200729",0,0,3
1948,"20200729",0,0,6
1949,"20200729",0,0,6
1950,"20200729",0,0,3
1951,"20200729",0,0,5
1952,"20200729",0,0,5
1953,"20200729",0,0,1
1954,"20200729",0,0,1
1955,"20200729",0,0,1
1956,"20200729",0,0,1
1957,"20200729",0,0,1
1958,"20200729",0,0,1
1959,"20200729",0,0,2
1960,"20200729",0,0,9
1961,"20200729",0,0,1
1962,"20200729",0,0,1
1963,"20200729",0,0,1
1964,"20200729",0,0,1
1965,"20200729",0,0,3
1966,"20200729",0,0,3
1967,"20200729",0,0,1
1968,"20200729",0,0,1
1969,"20200729",0,0,1
1970,"20200729",0,0,2
1971,"20200729",0,0,2
1972,"20200729",0,0,2
1973,"20200729",0,0,1
1974,"20200729",0,0,1
1975,"20200729",0,0,1
1976,"20200729",0,0,1
1977,"20200729",0,0,3
1978,"20200729",0,0,3
1979,"20200729",0,0,3
1980,"20200729",0,0,3
1981,"20200729",0,0,3
1982,"20200729",0,0,3
1983,"20200729",0,0,3
1984,"20200729",0,0,3
1985,"20200729",0,0,3
1986,"20200729",0,0,3
1987,"20200729",0,0,1
1988,"20200729",0,0,1
1989,"20200729",0,0,2
1990,"20200729",0,0,5
1991,"20200729",0,0,5
1992,"20200729",0,0,5
1993,"20200729",0,0,6
1994,"20200729",0,0,5
1995,"20200729",0,0,11
1996,"20200729",0,0,5
1997,"20200729",0,0,5
1998,"20200729",0,0,23
1999,"20200729",0,0,5
2000,"20200729",0,0,15
2001,"20200729",0,0,5
2002,"20200729",0,0,5
2003,"20200729",0,0,17
2004,"20200729",0,0,5
2005,"20200729",0,0,5
2006,"20200729",0,0,5
2007,"20200729",0,0,6
2008,"20200729",0,0,1
2009,"20200729",0,0,1
2010,"20200729",0,0,1
2011,"20200729",0,0,1
2012,"20200729",0,0,1
2013,"20200729",0,0,2
2014,"20200729",0,0,1
2015,"20200729",0,0,8
2016,"20200729",0,0,4
2017,"20200729",0,0,5
2018,"20200729",0,0,1
2019,"20200729",0,0,2
2020,"20200729",0,0,3
2021,"20200729",0,0,1
2022,"20200729",0,0,1
2023,"20200729",0,0,1
2024,"20200729",0,0,1
2025,"20200729",0,0,4
2026,"20200729",0,0,6
2027,"20200729",0,0,1
2028,"20200729",0,0,1
2029,"20200729",0,0,1
2030,"20200729",0,0,1
2031,"20200729",0,0,1
2032,"20200729",0,0,1
2033,"20200729",0,0,1
2034,"20200729",0,0,1
2035,"20200729",0,0,1
2036,"20200729",0,0,1
2037,"20200729",0,0,3
2038,"20200729",0,0,1
2039,"20200729",0,0,3
2040,"20200729",0,0,1
2041,"20200729",0,0,1
2042,"20200729",0,0,1
2043,"20200729",0,0,1
2044,"20200729",0,0,1
2045,"20200729",0,0,2
2046,"20200729",0,0,2
2047,"20200729",0,0,1
2048,"20200729",0,0,1
2049,"20200729",0,0,10
2050,"20200729",0,0,2
2051,"20200729",0,0,2
2052,"20200729",0,0,3
2053,"20200729",0,0,4
2054,"20200729",0,0,1
2055,"20200729",0,0,1
2056,"20200729",0,0,1
2057,"20200729",0,0,1
2058,"20200729",0,0,5
2059,"20200729",0,0,1
2060,"20200729",0,0,1
2061,"20200729",0,0,1
2062,"20200729",0,0,1
2063,"20200729",0,0,1
2064,"20200729",0,0,1
2065,"20200729",0,0,1
2066,"20200729",0,0,2
2067,"20200729",0,0,1
2068,"20200729",0,0,1
2069,"20200729",0,0,1
2070,"20200729",0,0,1
2071,"20200729",0,0,2
2072,"20200729",0,0,3
2073,"20200729",0,0,1
2074,"20200729",0,0,2
2075,"20200729",0,0,5
2076,"20200729",0,0,1
2077,"20200729",0,0,1
2078,"20200729",0,0,3
2079,"20200729",0,0,1
2080,"20200729",0,0,1
2081,"20200729",0,0,1
2082,"20200729",0,0,1
2083,"20200729",0,0,1
2084,"20200729",0,0,1
2085,"20200729",0,0,1
2086,"20200729",0,0,1
2087,"20200729",0,0,3
2088,"20200729",0,0,1
2089,"20200729",0,0,6
2090,"20200729",0,0,2
2091,"20200729",0,0,1
2092,"20200729",0,0,1
2093,"20200729",0,0,1
2094,"20200729",0,0,1
2095,"20200729",0,0,2
2096,"20200729",0,0,1
2097,"20200729",0,0,3
2098,"20200729",0,0,3
2099,"20200729",0,0,3
2100,"20200729",0,0,3
2101,"20200729",0,0,5
2102,"20200729",0,0,3
2103,"20200729",0,0,3
2104,"20200729",0,0,3
2105,"20200729",0,0,3
2106,"20200729",0,0,3
2107,"20200729",0,0,3
2108,"20200729",0,0,3
2109,"20200729",0,0,1
2110,"20200729",0,0,4
2111,"20200729",0,0,6
2112,"20200729",0,0,1
2113,"20200729",0,0,2
2114,"20200729",0,0,1
2115,"20200729",0,0,2
2116,"20200729",0,0,1
2117,"20200729",0,0,1
2118,"20200729",0,0,1
2119,"20200729",0,0,4
2120,"20200729",0,0,1
2121,"20200729",0,0,1
2122,"20200729",0,0,0
2123,"20200729",0,0,1
2124,"20200729",0,0,0
2125,"20200729",0,0,0
2126,"20200729",0,0,0
2127,"20200729",0,0,0
2128,"20200729",0,0,1
2129,"20200729",0,0,6
2130,"20200729",0,0,8
2131,"20200729",0,0,6
2132,"20200729",0,0,4
2133,"20200729",0,0,4
2134,"20200729",0,0,2
2135,"20200729",0,0,1
2136,"20200729",0,0,2
2137,"20200729",0,0,0
2138,"20200729",0,0,0
2139,"20200729",0,0,0
2140,"20200729",0,0,0
2141,"20200729",0,0,0
2142,"20200729",0,0,2
2143,"20200729",0,0,2
2144,"20200729",0,0,0
2145,"20200729",0,0,0
2146,"20200729",0,0,0
2147,"20200729",0,0,0
2148,"20200729",0,0,2
2149,"20200729",0,0,2
2150,"20200729",0,0,1
2151,"20200729",0,0,1
2152,"20200729",0,0,0
2153,"20200729",0,0,0
2154,"20200729",0,0,1
2155,"20200729",0,0,1
2156,"20200729",0,0,0
2157,"20200729",0,0,0
2158,"20200729",0,0,0
2159,"20200729",0,0,0
2160,"20200729",0,0,0
2161,"20200729",0,0,0
2162,"20200729",0,0,0
2163,"20200729",0,0,0
2164,"20200729",0,0,0
2165,"20200729",0,0,0
2166,"20200729",0,0,0
2167,"20200729",0,0,0
2168,"20200729",0,0,0
2169,"20200729",0,0,0
2170,"20200729",0,0,0
2171,"20200729",0,0,0
2172,"20200729",0,0,1
2173,"20200729",0,0,1
2174,"20200729",0,0,0
2175,"20200729",0,0,3
2176,"20200729",0,0,1
2177,"20200729",0,0,0
2178,"20200729",0,0,0
2179,"20200729",0,0,4
2180,"20200729",0,0,0
2181,"20200729",0,0,0
2182,"20200729",0,0,0
2183,"20200729",0,0,0
2184,"20200729",0,0,0
2185,"20200729",0,0,0
2186,"20200729",0,0,0
2187,"20200729",0,0,0
2188,"20200729",0,0,1
2189,"20200729",0,0,4
2190,"20200729",0,0,0
2191,"20200729",0,0,0
2192,"20200729",0,0,0
2193,"20200729",0,0,0
2194,"20200729",0,0,1
2195,"20200729",0,0,0
2196,"20200729",0,0,0
2197,"20200729",0,0,0
2198,"20200729",0,0,0
2199,"20200729",0,0,0
2200,"20200729",0,0,0
2201,"20200729",0,0,0
2202,"20200729",0,0,0
2203,"20200729",0,0,0
2204,"20200729",0,0,2
2205,"20200729",0,0,0
2206,"20200729",0,0,0
2207,"20200729",0,0,0
2208,"20200729",0,0,0
2209,"20200729",0,0,0
2210,"20200729",0,0,1
2211,"20200729",0,0,0
2212,"20200729",0,0,0
2213,"20200729",0,0,0
2214,"20200729",0,0,0
2215,"20200729",0,0,0
2216,"20200729",0,0,1
2217,"20200729",0,0,0
2218,"20200729",0,0,0
2219,"20200729",0,0,1
2220,"20200729",0,0,0
2221,"20200729",0,0,0
2222,"20200729",0,0,0
2223,"20200729",0,0,0
2224,"20200729",0,0,2
2225,"20200729",0,0,0
2226,"20200729",0,0,0
2227,"20200729",0,0,0
2228,"20200729",0,0,0
2229,"20200729",0,0,0
2230,"20200729",0,0,0
2231,"20200729",0,0,0
2232,"20200729",0,0,0
2233,"20200729",0,0,1
2234,"20200729",0,0,0
2235,"20200729",0,0,0
2236,"20200729",0,0,1
2237,"20200729",0,0,1
2238,"20200729",0,0,0
2239,"20200729",0,0,0
2240,"20200729",0,0,0
2241,"20200729",0,0,0
2242,"20200729",0,0,0
2243,"20200729",0,0,1
2244,"20200729",0,0,0
2245,"20200729",0,0,0
2246,"20200729",0,0,0
2247,"20200729",0,0,0
2248,"20200729",0,0,0
2249,"20200729",0,0,0
2250,"20200729",0,0,1
2251,"20200729",0,0,0
2252,"20200729",0,0,0
2253,"20200729",0,0,0
2254,"20200729",0,0,0
2255,"20200729",0,0,0
2256,"20200729",0,0,0
2257,"20200729",0,0,0
2258,"20200729",0,0,0
2259,"20200729",0,0,1
2260,"20200729",0,0,0
2261,"20200729",0,0,0
2262,"20200729",0,0,2
2263,"20200729",0,0,0
2264,"20200729",0,0,0
2265,"20200729",0,0,0
2266,"20200729",0,0,1
2267,"20200729",0,0,0
2268,"20200729",0,0,7
2269,"20200729",0,0,0
2270,"20200729",0,0,0
2271,"20200729",0,0,0
2272,"20200729",0,0,0
2273,"20200729",0,0,0
2274,"20200729",0,0,1
2275,"20200729",0,0,0
2276,"20200729",0,0,0
2277,"20200729",0,0,0
2278,"20200729",0,0,0
2279,"20200729",0,0,3
2280,"20200729",0,0,0
2281,"20200729",0,0,0
2282,"20200729",0,0,0
2283,"20200729",0,0,1
2284,"20200729",0,0,0
2285,"20200729",0,0,0
2286,"20200729",0,0,2
2287,"20200729",0,0,0
2288,"20200729",0,0,1
2289,"20200729",0,0,0
2290,"20200729",0,0,0
2291,"20200729",0,0,0
2292,"20200729",0,0,0
2293,"20200729",0,0,0
2294,"20200729",0,0,0
2295,"20200729",0,0,0
2296,"20200729",0,0,0
2297,"20200729",0,0,0
2298,"20200729",0,0,0
2299,"20200729",0,0,1
2300,"20200729",0,0,1
2301,"20200729",0,0,0
2302,"20200729",0,0,0
2303,"20200729",0,0,0
2304,"20200729",0,0,2
2305,"20200729",0,0,0
2306,"20200729",0,0,0
2307,"20200729",0,0,0
2308,"20200729",0,0,0
2309,"20200729",0,0,0
2310,"20200729",0,0,0
2311,"20200729",0,0,0
2312,"20200729",0,0,0
2313,"20200729",0,0,0
2314,"20200729",0,0,1
2315,"20200729",0,0,0
2316,"20200729",0,0,1
2317,"20200729",0,0,2
2318,"20200729",0,0,0
2319,"20200729",0,0,0
2320,"20200729",0,0,1
2321,"20200729",0,0,0
2322,"20200729",0,0,0
2323,"20200729",0,0,0
2324,"20200729",0,0,0
2325,"20200729",0,0,1
2326,"20200729",0,0,2
2327,"20200729",0,0,0
2328,"20200729",0,0,5
2329,"20200729",0,0,0
2330,"20200729",0,0,0
2331,"20200729",0,0,1
2332,"20200729",0,0,2
2333,"20200729",0,0,0
2334,"20200729",0,0,0
2335,"20200729",0,0,0
2336,"20200729",0,0,0
2337,"20200729",0,0,0
2338,"20200729",0,0,1
2339,"20200729",0,0,8
2340,"20200729",0,0,1
2341,"20200729",0,0,1
2342,"20200729",0,0,5
2343,"20200729",0,0,4
2344,"20200729",0,0,3
2345,"20200729",0,0,1
2346,"20200729",0,0,3
2347,"20200729",0,0,2
2348,"20200729",0,0,1
2349,"20200729",0,0,1
2350,"20200729",0,0,1
2351,"20200729",0,0,2
2352,"20200729",0,0,1
2353,"20200729",0,0,1
2354,"20200729",0,0,1
2355,"20200729",0,0,2
2356,"20200729",0,0,1
2357,"20200729",0,0,6
2358,"20200729",0,0,1
2359,"20200729",0,0,1
2360,"20200729",0,0,1
2361,"20200729",0,0,0
2362,"20200729",0,0,0
2363,"20200729",0,0,1
2364,"20200729",0,0,0
2365,"20200729",0,0,0
2366,"20200729",0,0,0
2367,"20200729",0,0,0
2368,"20200729",0,0,0
2369,"20200729",0,0,0
2370,"20200729",0,0,0
2371,"20200729",0,0,0
2372,"20200729",0,0,0
2373,"20200729",0,0,0
2374,"20200729",0,0,0
2375,"20200729",0,0,1
2376,"20200729",0,0,1
2377,"20200729",0,0,0
2378,"20200729",0,0,1
2379,"20200729",0,0,1
2380,"20200729",0,0,1
2381,"20200729",0,0,0
2382,"20200729",0,0,0
2383,"20200729",0,0,0
2384,"20200729",0,0,0
2385,"20200729",0,0,0
2386,"20200729",0,0,0
2387,"20200729",0,0,3
2388,"20200729",0,0,0
2389,"20200729",0,0,0
2390,"20200729",0,0,2
2391,"20200729",0,0,13
2392,"20200729",0,0,0
2393,"20200729",0,0,4
2394,"20200729",0,0,2
2395,"20200729",0,0,0
2396,"20200729",0,0,0
2397,"20200729",0,0,0
2398,"20200729",0,0,0
2399,"20200729",0,0,0
2400,"20200729",0,0,0
2401,"20200729",0,0,0
2402,"20200729",0,0,1
2403,"20200729",0,0,2
2404,"20200729",0,0,1
2405,"20200729",0,0,3
2406,"20200729",0,0,1
2407,"20200729",0,0,7
2408,"20200729",0,0,0
2409,"20200729",0,0,1
2410,"20200729",0,0,0
2411,"20200729",0,0,0
2412,"20200729",0,0,0
2413,"20200729",0,0,1
2414,"20200729",0,0,0
2415,"20200729",0,0,0
2416,"20200729",0,0,0
2417,"20200729",0,0,3
2418,"20200729",0,0,0
2419,"20200729",0,0,0
2420,"20200729",0,0,0
2421,"20200729",0,0,0
2422,"20200729",0,0,1
2423,"20200729",0,0,5
2424,"20200729",0,0,2
2425,"20200729",0,0,0
2426,"20200729",0,0,0
2427,"20200729",0,0,0
2428,"20200729",0,0,2
2429,"20200729",0,0,0
2430,"20200729",0,0,0
2431,"20200729",0,0,0
2432,"20200729",0,0,4
2433,"20200729",0,0,1
2434,"20200729",0,0,0
2435,"20200729",0,0,2
2436,"20200729",0,0,0
2437,"20200729",0,0,3
2438,"20200729",0,0,0
2439,"20200729",0,0,0
2440,"20200729",0,0,5
2441,"20200729",0,0,0
2442,"20200729",0,0,0
2443,"20200729",0,0,0
2444,"20200729",0,0,0
2445,"20200729",0,0,0
2446,"20200729",0,0,0
2447,"20200729",0,0,0
2448,"20200729",0,0,0
2449,"20200729",0,0,0
2450,"20200729",0,0,0
2451,"20200729",0,0,1
2452,"20200729",0,0,0
2453,"20200729",0,0,0
2454,"20200729",0,0,0
2455,"20200729",0,0,0
2456,"20200729",0,0,0
2457,"20200729",0,0,0
2458,"20200729",0,0,0
2459,"20200729",0,0,0
2460,"20200729",0,0,0
2461,"20200729",0,0,0
2462,"20200729",0,0,0
2463,"20200729",0,0,0
2464,"20200729",0,0,0
2465,"20200729",0,0,1
2466,"20200729",0,0,1
2467,"20200729",0,0,5
2468,"20200729",0,0,3
2469,"20200729",0,0,4
2470,"20200729",0,0,1
2471,"20200729",0,0,1
2472,"20200729",0,0,1
2473,"20200729",0,0,1
2474,"20200729",0,0,3
2475,"20200729",0,0,2
2476,"20200729",0,0,1
2477,"20200729",0,0,1
2478,"20200729",0,0,0
2479,"20200729",0,0,0
2480,"20200729",0,0,0
2481,"20200729",0,0,0
2482,"20200729",0,0,0
2483,"20200729",0,0,0
2484,"20200729",0,0,2
2485,"20200729",0,0,5
2486,"20200729",0,0,2
2487,"20200729",0,0,5
2488,"20200729",0,0,2
2489,"20200729",0,0,5
2490,"20200729",0,0,2
2491,"20200729",0,0,2
2492,"20200729",0,0,7
2493,"20200729",0,0,2
2494,"20200729",0,0,2
2495,"20200729",0,0,2
2496,"20200729",0,0,1
2497,"20200729",0,0,1
2498,"20200729",0,0,1
2499,"20200729",0,0,1
2500,"20200729",0,0,2
2501,"20200729",0,0,2
2502,"20200729",0,0,1
2503,"20200729",0,0,1
2504,"20200729",0,0,2
2505,"20200729",0,0,2
2506,"20200729",0,0,4
2507,"20200729",0,0,3
2508,"20200729",0,0,3
2509,"20200729",0,0,0
2510,"20200729",0,0,0
2511,"20200729",0,0,0
2512,"20200729",0,0,0
2513,"20200729",0,0,0
2514,"20200729",0,0,0
2515,"20200729",0,0,0
2516,"20200729",0,0,3
2517,"20200729",0,0,0
2518,"20200729",0,0,9
2519,"20200729",0,0,10
2520,"20200729",0,0,11
2521,"20200729",0,0,11
2522,"20200729",0,0,11
2523,"20200729",0,0,11
2524,"20200729",0,0,12
2525,"20200729",0,0,10
2526,"20200729",0,0,12
2527,"20200729",0,0,11
2528,"20200729",0,0,11
2529,"20200729",0,0,10
2530,"20200729",0,0,10
2531,"20200729",0,0,5
2532,"20200729",0,0,6
2533,"20200729",0,0,10
2534,"20200729",0,0,12
2535,"20200729",0,0,1
2536,"20200729",0,0,0
2537,"20200729",0,0,1
2538,"20200729",0,0,2
2539,"20200729",0,0,1
2540,"20200729",0,0,1
2541,"20200729",0,0,0
2542,"20200729",0,0,0
2543,"20200729",0,0,0
2544,"20200729",0,0,0
2545,"20200729",0,0,0
2546,"20200729",0,0,0
2547,"20200729",0,0,0
2548,"20200729",0,0,0
2549,"20200729",0,0,1
2550,"20200729",0,0,0
2551,"20200729",0,0,0
2552,"20200729",0,0,0
2553,"20200729",0,0,0
2554,"20200729",0,0,0
2555,"20200729",0,0,0
2556,"20200729",0,0,6
2557,"20200729",0,0,7
2558,"20200729",0,0,2
2559,"20200729",0,0,2
2560,"20200729",0,0,2
2561,"20200729",0,0,2
2562,"20200729",0,0,2
2563,"20200729",0,0,2
2564,"20200729",0,0,2
2565,"20200729",0,0,3
2566,"20200729",0,0,2
2567,"20200729",0,0,2
2568,"20200729",0,0,2
2569,"20200729",0,0,2
2570,"20200729",0,0,2
2571,"20200729",0,0,2
2572,"20200729",0,0,2
2573,"20200729",0,0,2
2574,"20200729",0,0,0
2575,"20200729",0,0,0
2576,"20200729",0,0,0
2577,"20200729",0,0,0
2578,"20200729",0,0,0
2579,"20200729",0,0,0
2580,"20200729",0,0,0
2581,"20200729",0,0,0
2582,"20200729",0,0,0
2583,"20200729",0,0,0
2584,"20200729",0,0,0
2585,"20200729",0,0,0
2586,"20200729",0,0,0
2587,"20200729",0,0,0
2588,"20200729",0,0,0
2589,"20200729",0,0,0
2590,"20200729",0,0,0
2591,"20200729",0,0,0
2592,"20200729",0,0,0
2593,"20200729",0,0,0
2594,"20200729",0,0,0
2595,"20200729",0,0,0
2596,"20200729",0,0,0
2597,"20200729",0,0,0
2598,"20200729",0,0,0
2599,"20200729",0,0,0
2600,"20200729",0,0,0
2601,"20200729",0,0,0
2602,"20200729",0,0,0
2603,"20200729",0,0,0
2604,"20200729",0,0,0
2605,"20200729",0,0,1
2606,"20200729",0,0,0
2607,"20200729",0,0,0
2608,"20200729",0,0,0
2609,"20200729",0,0,0
2610,"20200729",0,0,0
2611,"20200729",0,0,0
2612,"20200729",0,0,0
2613,"20200729",0,0,0
2614,"20200729",0,0,0
2615,"20200729",0,0,0
2616,"20200729",0,0,0
2617,"20200729",0,0,0
2618,"20200729",0,0,0
2619,"20200729",0,0,0
2620,"20200729",0,0,0
2621,"20200729",0,0,0
2622,"20200729",0,0,0
2623,"20200729",0,0,0
2624,"20200729",0,0,0
2625,"20200729",0,0,0
2626,"20200729",0,0,0
2627,"20200729",0,0,0
2628,"20200729",0,0,0
2629,"20200729",0,0,0
2630,"20200729",0,0,0
2631,"20200729",0,0,0
2632,"20200729",0,0,0
2633,"20200729",0,0,0
2634,"20200729",0,0,0
2635,"20200729",0,0,0
2636,"20200729",0,0,0
2637,"20200729",0,0,0
2638,"20200729",0,0,0
2639,"20200729",0,0,0
2640,"20200729",0,0,0
2641,"20200729",0,0,0
2642,"20200729",0,0,0
2643,"20200729",0,0,0
2644,"20200729",0,0,0
2645,"20200729",0,0,0
2646,"20200729",0,0,0
2647,"20200729",0,0,0
2648,"20200729",0,0,0
2649,"20200729",0,0,0
2650,"20200729",0,0,0
2651,"20200729",0,0,1
2652,"20200729",0,0,0
2653,"20200729",0,0,0
2654,"20200729",0,0,0
2655,"20200729",0,0,1
2656,"20200729",0,0,0
2657,"20200729",0,0,1
2658,"20200729",0,0,0
2659,"20200729",0,0,0
2660,"20200729",0,0,0
2661,"20200729",0,0,3
2662,"20200729",0,0,4
2663,"20200729",0,0,2
2664,"20200729",0,0,0
2665,"20200729",0,0,0
2666,"20200729",0,0,0
2667,"20200729",0,0,0
2668,"20200729",0,0,0
2669,"20200729",0,0,0
2670,"20200729",0,0,0
2671,"20200729",0,0,0
2672,"20200729",0,0,0
2673,"20200729",0,0,0
2674,"20200729",0,0,0
2675,"20200729",0,0,0
2676,"20200729",0,0,0
2677,"20200729",0,0,0
2678,"20200729",0,0,0
2679,"20200729",0,0,1
2680,"20200729",0,0,1
2681,"20200729",0,0,2
2682,"20200729",0,0,2
2683,"20200729",0,0,0
2684,"20200729",0,0,0
2685,"20200729",0,0,0
2686,"20200729",0,0,1
2687,"20200729",0,0,0
2688,"20200729",0,0,0
2689,"20200729",0,0,0
2690,"20200729",0,0,0
2691,"20200729",0,0,0
2692,"20200729",0,0,0
2693,"20200729",0,0,0
2694,"20200729",0,0,0
2695,"20200729",0,0,0
2696,"20200729",0,0,0
2697,"20200729",0,0,4
2698,"20200729",0,0,0
2699,"20200729",0,0,0
2700,"20200729",0,0,2
2701,"20200729",0,0,7
2702,"20200729",0,0,2
2703,"20200729",0,0,2
2704,"20200729",0,0,2
2705,"20200729",0,0,3
2706,"20200729",0,0,2
2707,"20200729",0,0,2
2708,"20200729",0,0,2
2709,"20200729",0,0,2
2710,"20200729",0,0,2
2711,"20200729",0,0,2
2712,"20200729",0,0,2
2713,"20200729",0,0,2
2714,"20200729",0,0,0
2715,"20200729",0,0,0
2716,"20200729",0,0,1
2717,"20200729",0,0,0
2718,"20200729",0,0,0
2719,"20200729",0,0,0
2720,"20200729",0,0,0
2721,"20200729",0,0,0
2722,"20200729",0,0,1
2723,"20200729",0,0,1
2724,"20200729",0,0,2
2725,"20200729",0,0,0
2726,"20200729",0,0,0
2727,"20200729",0,0,1
2728,"20200729",0,0,0
2729,"20200729",0,0,3
2730,"20200729",0,0,1
2731,"20200729",0,0,0
2732,"20200729",0,0,0
2733,"20200729",0,0,0
2734,"20200729",0,0,0
2735,"20200729",0,0,1
2736,"20200729",0,0,0
2737,"20200729",0,0,0
2738,"20200729",0,0,0
2739,"20200729",0,0,0
2740,"20200729",0,0,0
2741,"20200729",0,0,0
2742,"20200729",0,0,0
2743,"20200729",0,0,0
2744,"20200729",0,0,2
2745,"20200729",0,0,1
2746,"20200729",0,0,0
2747,"20200729",0,0,2
2748,"20200729",0,0,0
2749,"20200729",0,0,0
2750,"20200729",0,0,0
2751,"20200729",0,0,1
2752,"20200729",0,0,0
2753,"20200729",0,0,0
2754,"20200729",0,0,0
2755,"20200729",0,0,0
2756,"20200729",0,0,0
2757,"20200729",0,0,0
2758,"20200729",0,0,0
2759,"20200729",0,0,1
2760,"20200729",0,0,3
2761,"20200729",0,0,0
2762,"20200729",0,0,0
2763,"20200729",0,0,1
2764,"20200729",0,0,0
2765,"20200729",0,0,0
2766,"20200729",0,0,0
2767,"20200729",0,0,0
2768,"20200729",0,0,0
2769,"20200729",0,0,1
2770,"20200729",0,0,0
2771,"20200729",0,0,0
2772,"20200729",0,0,2
2773,"20200729",0,0,2
2774,"20200729",0,0,0
2775,"20200729",0,0,0
2776,"20200729",0,0,1
2777,"20200729",0,0,1
2778,"20200729",0,0,2
2779,"20200729",0,0,1
2780,"20200729",0,0,0
2781,"20200729",0,0,0
2782,"20200729",0,0,0
2783,"20200729",0,0,1
2784,"20200729",0,0,2
2785,"20200729",0,0,0
2786,"20200729",0,0,0
2787,"20200729",0,0,1
2788,"20200729",0,0,0
2789,"20200729",0,0,0
2790,"20200729",0,0,0
2791,"20200729",0,0,0
2792,"20200729",0,0,0
2793,"20200729",0,0,0
2794,"20200729",0,0,0
2795,"20200729",0,0,0
2796,"20200729",0,0,0
2797,"20200729",0,0,0
2798,"20200729",0,0,0
2799,"20200729",0,0,0
2800,"20200729",0,0,0
2801,"20200729",0,0,2
2802,"20200729",0,0,6
2803,"20200729",0,0,6
2804,"20200729",0,0,6
2805,"20200729",0,0,6
2806,"20200729",0,0,5
2807,"20200729",0,0,5
2808,"20200729",0,0,3
2809,"20200729",0,0,1
2810,"20200729",0,0,0
2811,"20200729",0,0,0
2812,"20200729",0,0,0
2813,"20200729",0,0,0
2814,"20200729",0,0,0
2815,"20200729",0,0,0
2816,"20200729",0,0,0
2817,"20200729",0,0,0
2818,"20200729",0,0,1
2819,"20200729",0,0,0
2820,"20200729",0,0,0
2821,"20200729",0,0,1
2822,"20200729",0,0,0
2823,"20200729",0,0,5
2824,"20200729",0,0,0
2825,"20200729",0,0,0
2826,"20200729",0,0,1
2827,"20200729",0,0,0
2828,"20200729",0,0,0
2829,"20200729",0,0,0
2830,"20200729",0,0,0
2831,"20200729",0,0,3
2832,"20200729",0,0,0
2833,"20200729",0,0,1
2834,"20200729",0,0,0
2835,"20200729",0,0,0
2836,"20200729",0,0,0
2837,"20200729",0,0,0
2838,"20200729",0,0,1
2839,"20200729",0,0,0
2840,"20200729",0,0,0
2841,"20200729",0,0,0
2842,"20200729",0,0,0
2843,"20200729",0,0,0
2844,"20200729",0,0,1
2845,"20200729",0,0,1
2846,"20200729",0,0,0
2847,"20200729",0,0,0
2848,"20200729",0,0,0
2849,"20200729",0,0,0
2850,"20200729",0,0,0
2851,"20200729",0,0,0
2852,"20200729",0,0,0
2853,"20200729",0,0,0
2854,"20200729",0,0,0
2855,"20200729",0,0,0
2856,"20200729",0,0,0
2857,"20200729",0,0,1
2858,"20200729",0,0,1
2859,"20200729",0,0,0
2860,"20200729",0,0,0
2861,"20200729",0,0,0
2862,"20200729",0,0,0
2863,"20200729",0,0,0
2864,"20200729",0,0,1
2865,"20200729",0,0,0
2866,"20200729",0,0,0
2867,"20200729",0,0,0
2868,"20200729",0,0,0
2869,"20200729",0,0,2
2870,"20200729",0,0,0
2871,"20200729",0,0,0
2872,"20200729",0,0,1
2873,"20200729",0,0,0
2874,"20200729",0,0,0
2875,"20200729",0,0,0
2876,"20200729",0,0,0
2877,"20200729",0,0,1
2878,"20200729",0,0,1
2879,"20200729",0,0,1
2880,"20200729",0,0,2
2881,"20200729",0,0,2
2882,"20200729",0,0,1
2883,"20200729",0,0,3
2884,"20200729",0,0,1
2885,"20200729",0,0,1
2886,"20200729",0,0,1
2887,"20200729",0,0,1
2888,"20200729",0,0,1
2889,"20200729",0,0,1
2890,"20200729",0,0,1
2891,"20200729",0,0,1
2892,"20200729",0,0,0
2893,"20200729",0,0,0
2894,"20200729",0,0,0
2895,"20200729",0,0,0
2896,"20200729",0,0,0
2897,"20200729",0,0,0
2898,"20200729",0,0,0
2899,"20200729",0,0,0
2900,"20200729",0,0,0
2901,"20200729",0,0,0
2902,"20200729",0,0,0
2903,"20200729",0,0,0
2904,"20200729",0,0,0
2905,"20200729",0,0,0
2906,"20200729",0,0,1
2907,"20200729",0,0,1
2908,"20200729",0,0,1
2909,"20200729",0,0,0
2910,"20200729",0,0,0
2911,"20200729",0,0,2
2912,"20200729",0,0,0
2913,"20200729",0,0,0
2914,"20200729",0,0,0
2915,"20200729",0,0,0
2916,"20200729",0,0,1
2917,"20200729",0,0,0
2918,"20200729",0,0,1
2919,"20200729",0,0,0
2920,"20200729",0,0,1
2921,"20200729",0,0,2
2922,"20200729",0,0,0
2923,"20200729",0,0,0
2924,"20200729",0,0,0
2925,"20200729",0,0,0
2926,"20200729",0,0,0
2927,"20200729",0,0,0
2928,"20200729",0,0,0
2929,"20200729",0,0,0
2930,"20200729",0,0,0
2931,"20200729",0,0,0
2932,"20200729",0,0,0
2933,"20200729",0,0,0
2934,"20200729",0,0,0
2935,"20200729",0,0,0
2936,"20200729",0,0,2
2937,"20200729",0,0,0
2938,"20200729",0,0,0
2939,"20200729",0,0,0
2940,"20200729",0,0,0
2941,"20200729",0,0,0
2942,"20200729",0,0,1
2943,"20200729",0,0,1
2944,"20200729",0,0,1
2945,"20200729",0,0,0
2946,"20200729",0,0,0
2947,"20200729",0,0,1
2948,"20200729",0,0,1
2949,"20200729",0,0,0
2950,"20200729",0,0,1
2951,"20200729",0,0,0
2952,"20200729",0,0,0
2953,"20200729",0,0,0
2954,"20200729",0,0,0
2955,"20200729",0,0,2
2956,"20200729",0,0,2
2957,"20200729",0,0,0
2958,"20200729",0,0,1
2959,"20200729",0,0,1
2960,"20200729",0,0,0
2961,"20200729",0,0,0
2962,"20200729",0,0,0
2963,"20200729",0,0,0
2964,"20200729",0,0,0
2965,"20200729",0,0,0
2966,"20200729",0,0,0
2967,"20200729",0,0,0
2968,"20200729",0,0,0
2969,"20200729",0,0,0
2970,"20200729",0,0,1
2971,"20200729",0,0,0
2972,"20200729",0,0,0
2973,"20200729",0,0,0
2974,"20200729",0,0,0
2975,"20200729",0,0,0
2976,"20200729",0,0,0
2977,"20200729",0,0,0
2978,"20200729",0,0,0
2979,"20200729",0,0,1
2980,"20200729",0,0,0
2981,"20200729",0,0,0
2982,"20200729",0,0,0
2983,"20200729",0,0,0
2984,"20200729",0,0,0
2985,"20200729",0,0,1
2986,"20200729",0,0,2
2987,"20200729",0,0,0
2988,"20200729",0,0,0
2989,"20200729",0,0,0
2990,"20200729",0,0,0
2991,"20200729",0,0,0
2992,"20200729",0,0,0
2993,"20200729",0,0,0
2994,"20200729",0,0,0
2995,"20200729",0,0,0
2996,"20200729",0,0,0
2997,"20200729",0,0,0
2998,"20200729",0,0,0
2999,"20200729",0,0,0
3000,"20200729",0,0,2
3001,"20200729",0,0,0
3002,"20200729",0,0,2
3003,"20200729",0,0,0
3004,"20200729",0,0,0
3005,"20200729",0,0,0
3006,"20200729",0,0,1
3007,"20200729",0,0,3
3008,"20200729",0,0,2
3009,"20200729",0,0,1
3010,"20200729",0,0,1
3011,"20200729",0,0,0
3012,"20200729",0,0,1
3013,"20200729",0,0,0
3014,"20200729",0,0,1
3015,"20200729",0,0,1
3016,"20200729",0,0,0
3017,"20200729",0,0,0
3018,"20200729",0,0,2
3019,"20200729",0,0,0
3020,"20200729",0,0,0
3021,"20200729",0,0,0
3022,"20200729",0,0,0
3023,"20200729",0,0,0
3024,"20200729",0,0,1
3025,"20200729",0,0,1
3026,"20200729",0,0,2
3027,"20200729",0,0,2
3028,"20200729",0,0,0
3029,"20200729",0,0,0
3030,"20200729",0,0,2
3031,"20200729",0,0,0
3032,"20200729",0,0,2
3033,"20200729",0,0,0
3034,"20200729",0,0,0
3035,"20200729",0,0,1
3036,"20200729",0,0,0
3037,"20200729",0,0,0
3038,"20200729",0,0,0
3039,"20200729",0,0,1
3040,"20200729",0,0,0
3041,"20200729",0,0,0
3042,"20200729",0,0,0
3043,"20200729",0,0,0
3044,"20200729",0,0,0
3045,"20200729",0,0,0
3046,"20200729",0,0,0
3047,"20200729",0,0,0
3048,"20200729",0,0,0
3049,"20200729",0,0,0
3050,"20200729",0,0,0
3051,"20200729",0,0,0
3052,"20200729",0,0,3
3053,"20200729",0,0,3
3054,"20200729",0,0,2
3055,"20200729",0,0,3
3056,"20200729",0,0,0
3057,"20200729",0,0,0
3058,"20200729",0,0,0
3059,"20200729",0,0,0
3060,"20200729",0,0,0
3061,"20200729",0,0,0
3062,"20200729",0,0,0
3063,"20200729",0,0,0
3064,"20200729",0,0,0
3065,"20200729",0,0,0
3066,"20200729",0,0,0
3067,"20200729",0,0,0
3068,"20200729",0,0,0
3069,"20200729",0,0,0
3070,"20200729",0,0,0
3071,"20200729",0,0,2
3072,"20200729",0,0,0
3073,"20200729",0,0,0
3074,"20200729",0,0,0
3075,"20200729",0,0,0
3076,"20200729",0,0,1
3077,"20200729",0,0,1
3078,"20200729",0,0,1
3079,"20200729",0,0,1
3080,"20200729",0,0,1
3081,"20200729",0,0,0
3082,"20200729",0,0,0
3083,"20200729",0,0,0
3084,"20200729",0,0,0
3085,"20200729",0,0,0
3086,"20200729",0,0,0
3087,"20200729",0,0,1
3088,"20200729",0,0,0
3089,"20200729",0,0,0
3090,"20200729",0,0,0
3091,"20200729",0,0,0
3092,"20200729",0,0,0
3093,"20200729",0,0,0
3094,"20200729",0,0,0
3095,"20200729",0,0,0
3096,"20200729",0,0,0
3097,"20200729",0,0,0
3098,"20200729",0,0,1
3099,"20200729",0,0,0
3100,"20200729",0,0,0
3101,"20200729",0,0,0
3102,"20200729",0,0,0
3103,"20200729",0,0,0
3104,"20200729",0,0,0
3105,"20200729",0,0,0
3106,"20200729",0,0,0
3107,"20200729",0,0,0
3108,"20200729",0,0,1
3109,"20200729",0,0,3
3110,"20200729",0,0,0
3111,"20200729",0,0,0
3112,"20200729",0,0,0
3113,"20200729",0,0,0
3114,"20200729",0,0,0
3115,"20200729",0,0,0
3116,"20200729",0,0,0
3117,"20200729",0,0,1
3118,"20200729",0,0,1
3119,"20200729",0,0,1
3120,"20200729",0,0,0
3121,"20200729",0,0,1
3122,"20200729",0,0,1
3123,"20200729",0,0,0
3124,"20200729",0,0,0
3125,"20200729",0,0,1
3126,"20200729",0,0,0
3127,"20200729",0,0,0
3128,"20200729",0,0,0
3129,"20200729",0,0,0
3130,"20200729",0,0,0
3131,"20200729",0,0,0
3132,"20200729",0,0,0
3133,"20200729",0,0,0
3134,"20200729",0,0,0
3135,"20200729",0,0,0
3136,"20200729",0,0,0
3137,"20200729",0,0,0
3138,"20200729",0,0,0
3139,"20200729",0,0,0
3140,"20200729",0,0,0
3141,"20200729",0,0,0
3142,"20200729",0,0,0
3143,"20200729",0,0,0
3144,"20200729",0,0,0
3145,"20200729",0,0,0
3146,"20200729",0,0,0
3147,"20200729",0,0,0
3148,"20200729",0,0,0
3149,"20200729",0,0,2
3150,"20200729",0,0,1
3151,"20200729",0,0,2
3152,"20200729",0,0,0
3153,"20200729",0,0,0
3154,"20200729",0,0,0
3155,"20200729",0,0,0
3156,"20200729",0,0,0
3157,"20200729",0,0,0
3158,"20200729",0,0,0
3159,"20200729",0,0,1
3160,"20200729",0,0,0
3161,"20200729",0,0,0
3162,"20200729",0,0,0
3163,"20200729",0,0,0
3164,"20200729",0,0,0
3165,"20200729",0,0,0
3166,"20200729",0,0,0
3167,"20200729",0,0,0
3168,"20200729",0,0,0
3169,"20200729",0,0,0
3170,"20200729",0,0,1
3171,"20200729",0,0,0
3172,"20200729",0,0,0
3173,"20200729",0,0,0
3174,"20200729",0,0,0
3175,"20200729",0,0,0
3176,"20200729",0,0,0
3177,"20200729",0,0,0
3178,"20200729",0,0,0
3179,"20200729",0,0,0
3180,"20200729",0,0,0
3181,"20200729",0,0,0
3182,"20200729",0,0,0
3183,"20200729",0,0,0
3184,"20200729",0,0,0
3185,"20200729",0,0,2
3186,"20200729",0,0,1
3187,"20200729",0,0,1
3188,"20200729",0,0,1
3189,"20200729",0,0,1
3190,"20200729",0,0,1
3191,"20200729",0,0,1
3192,"20200729",0,0,1
3193,"20200729",0,0,2
3194,"20200729",0,0,1
3195,"20200729",0,0,0
3196,"20200729",0,0,0
3197,"20200729",0,0,0
3198,"20200729",0,0,0
3199,"20200729",0,0,0
3200,"20200729",0,0,0
3201,"20200729",0,0,0
3202,"20200729",0,0,0
3203,"20200729",0,0,1
3204,"20200729",0,0,0
3205,"20200729",0,0,0
3206,"20200729",0,0,1
3207,"20200729",0,0,1
3208,"20200729",0,0,0
3209,"20200729",0,0,0
3210,"20200729",0,0,0
3211,"20200729",0,0,0
3212,"20200729",0,0,0
3213,"20200729",0,0,5
3214,"20200729",0,0,0
3215,"20200729",0,0,0
3216,"20200729",0,0,1
3217,"20200729",0,0,0
3218,"20200729",0,0,0
3219,"20200729",0,0,0
3220,"20200729",0,0,0
3221,"20200729",0,0,0
3222,"20200729",0,0,0
3223,"20200729",0,0,0
3224,"20200729",0,0,1
3225,"20200729",0,0,1
3226,"20200729",0,0,0
3227,"20200729",0,0,0
3228,"20200729",0,0,0
3229,"20200729",0,0,1
3230,"20200729",0,0,0
3231,"20200729",0,0,0
3232,"20200729",0,0,0
3233,"20200729",0,0,0
3234,"20200729",0,0,0
3235,"20200729",0,0,1
3236,"20200729",0,0,1
3237,"20200729",0,0,1
3238,"20200729",0,0,0
3239,"20200729",0,0,0
3240,"20200729",0,0,0
3241,"20200729",0,0,0
3242,"20200729",0,0,0
3243,"20200729",0,0,0
3244,"20200729",0,0,1
3245,"20200729",0,0,0
3246,"20200729",0,0,0
3247,"20200729",0,0,0
3248,"20200729",0,0,0
3249,"20200729",0,0,0
3250,"20200729",0,0,1
3251,"20200729",0,0,3
3252,"20200729",0,0,0
3253,"20200729",0,0,0
3254,"20200729",0,0,0
3255,"20200729",0,0,0
3256,"20200729",0,0,0
3257,"20200729",0,0,1
3258,"20200729",0,0,0
3259,"20200729",0,0,0
3260,"20200729",0,0,0
3261,"20200729",0,0,0
3262,"20200729",0,0,0
3263,"20200729",0,0,0
3264,"20200729",0,0,0
3265,"20200729",0,0,6
3266,"20200729",0,0,0
3267,"20200729",0,0,1
3268,"20200729",0,0,0
3269,"20200729",0,0,0
3270,"20200729",0,0,0
3271,"20200729",0,0,0
3272,"20200729",0,0,0
3273,"20200729",0,0,0
3274,"20200729",0,0,0
3275,"20200729",0,0,0
3276,"20200729",0,0,0
3277,"20200729",0,0,0
3278,"20200729",0,0,0
3279,"20200729",0,0,0
3280,"20200729",0,0,0
3281,"20200729",0,0,0
3282,"20200729",0,0,0
3283,"20200729",0,0,0
3284,"20200729",0,0,0
3285,"20200729",0,0,0
3286,"20200729",0,0,1
3287,"20200729",0,0,0
3288,"20200729",0,0,0
3289,"20200729",0,0,0
3290,"20200729",0,0,0
3291,"20200729",0,0,0
3292,"20200729",0,0,0
3293,"20200729",0,0,0
3294,"20200729",0,0,0
3295,"20200729",0,0,1
3296,"20200729",0,0,0
3297,"20200729",0,0,0
3298,"20200729",0,0,0
3299,"20200729",0,0,1
3300,"20200729",0,0,5
3301,"20200729",0,0,1
3302,"20200729",0,0,0
3303,"20200729",0,0,1
3304,"20200729",0,0,0
3305,"20200729",0,0,0
3306,"20200729",0,0,0
3307,"20200729",0,0,2
3308,"20200729",0,0,0
3309,"20200729",0,0,0
3310,"20200729",0,0,2
3311,"20200729",0,0,0
3312,"20200729",0,0,0
3313,"20200729",0,0,2
3314,"20200729",0,0,1
3315,"20200729",0,0,0
3316,"20200729",0,0,0
3317,"20200729",0,0,0
3318,"20200729",0,0,0
3319,"20200729",0,0,1
3320,"20200729",0,0,1
3321,"20200729",0,0,2
3322,"20200729",0,0,0
3323,"20200729",0,0,0
3324,"20200729",0,0,0
3325,"20200729",0,0,0
3326,"20200729",0,0,0
3327,"20200729",0,0,0
3328,"20200729",0,0,0
3329,"20200729",0,0,0
3330,"20200729",0,0,0
3331,"20200729",0,0,0
3332,"20200729",0,0,0
3333,"20200729",0,0,0
3334,"20200729",0,0,0
3335,"20200729",0,0,0
3336,"20200729",0,0,0
3337,"20200729",0,0,2
3338,"20200729",0,0,0
3339,"20200729",0,0,2
3340,"20200729",0,0,0
3341,"20200729",0,0,1
3342,"20200729",0,0,0
3343,"20200729",0,0,0
3344,"20200729",0,0,0
3345,"20200729",0,0,0
3346,"20200729",0,0,0
3347,"20200729",0,0,0
3348,"20200729",0,0,1
3349,"20200729",0,0,0
3350,"20200729",0,0,0
3351,"20200729",0,0,0
3352,"20200729",0,0,0
3353,"20200729",0,0,0
3354,"20200729",0,0,0
3355,"20200729",0,0,0
3356,"20200729",0,0,0
3357,"20200729",0,0,0
3358,"20200729",0,0,0
3359,"20200729",0,0,0
3360,"20200729",0,0,0
3361,"20200729",0,0,0
3362,"20200729",0,0,0
3363,"20200729",0,0,0
3364,"20200729",0,0,0
3365,"20200729",0,0,0
3366,"20200729",0,0,0
3367,"20200729",0,0,1
3368,"20200729",0,0,0
3369,"20200729",0,0,0
3370,"20200729",0,0,0
3371,"20200729",0,0,0
3372,"20200729",0,0,0
3373,"20200729",0,0,0
3374,"20200729",0,0,0
3375,"20200729",0,0,0
3376,"20200729",0,0,0
3377,"20200729",0,0,0
3378,"20200729",0,0,2
3379,"20200729",0,0,0
3380,"20200729",0,0,0
3381,"20200729",0,0,0
3382,"20200729",0,0,0
3383,"20200729",0,0,1
3384,"20200729",0,0,1
3385,"20200729",0,0,0
3386,"20200729",0,0,0
3387,"20200729",0,0,0
3388,"20200729",0,0,0
3389,"20200729",0,0,0
3390,"20200729",0,0,0
3391,"20200729",0,0,0
3392,"20200729",0,0,1
3393,"20200729",0,0,0
3394,"20200729",0,0,1
3395,"20200729",0,0,0
3396,"20200729",0,0,0
3397,"20200729",0,0,0
3398,"20200729",0,0,1
3399,"20200729",0,0,0
3400,"20200729",0,0,0
3401,"20200729",0,0,0
3402,"20200729",0,0,0
3403,"20200729",0,0,0
3404,"20200729",0,0,0
3405,"20200729",0,0,0
3406,"20200729",0,0,0
3407,"20200729",0,0,1
3408,"20200729",0,0,0
3409,"20200729",0,0,0
3410,"20200729",0,0,0
3411,"20200729",0,0,0
3412,"20200729",0,0,0
3413,"20200729",0,0,0
3414,"20200729",0,0,0
3415,"20200729",0,0,2
3416,"20200729",0,0,0
3417,"20200729",0,0,0
3418,"20200729",0,0,0
3419,"20200729",0,0,0
3420,"20200729",0,0,0
3421,"20200729",0,0,1
3422,"20200729",0,0,0
3423,"20200729",0,0,2
3424,"20200729",0,0,0
3425,"20200729",0,0,0
3426,"20200729",0,0,0
3427,"20200729",0,0,0
3428,"20200729",0,0,0
3429,"20200729",0,0,0
3430,"20200729",0,0,0
3431,"20200729",0,0,0
3432,"20200729",0,0,1
3433,"20200729",0,0,0
3434,"20200729",0,0,0
3435,"20200729",0,0,0
3436,"20200729",0,0,0
3437,"20200729",0,0,0
3438,"20200729",0,0,0
3439,"20200729",0,0,0
3440,"20200729",0,0,0
3441,"20200729",0,0,0
3442,"20200729",0,0,1
3443,"20200729",0,0,2
3444,"20200729",0,0,0
3445,"20200729",0,0,0
3446,"20200729",0,0,0
3447,"20200729",0,0,0
3448,"20200729",0,0,0
3449,"20200729",0,0,0
3450,"20200729",0,0,0
3451,"20200729",0,0,0
3452,"20200729",0,0,0
3453,"20200729",0,0,0
3454,"20200729",0,0,0
3455,"20200729",0,0,0
3456,"20200729",0,0,0
3457,"20200729",0,0,0
3458,"20200729",0,0,0
3459,"20200729",0,0,0
3460,"20200729",0,0,0
3461,"20200729",0,0,0
3462,"20200729",0,0,0
3463,"20200729",0,0,0
3464,"20200729",0,0,0
3465,"20200729",0,0,0
3466,"20200729",0,0,0
3467,"20200729",0,0,0
3468,"20200729",0,0,1
3469,"20200729",0,0,1
3470,"20200729",0,0,0
3471,"20200729",0,0,0
3472,"20200729",0,0,0
3473,"20200729",0,0,0
3474,"20200729",0,0,0
3475,"20200729",0,0,1
3476,"20200729",0,0,1
3477,"20200729",0,0,0
3478,"20200729",0,0,0
3479,"20200729",0,0,2
3480,"20200729",0,0,0
3481,"20200729",0,0,0
3482,"20200729",0,0,0
3483,"20200729",0,0,0
3484,"20200729",0,0,0
3485,"20200729",0,0,0
3486,"20200729",0,0,0
3487,"20200729",0,0,0
3488,"20200729",0,0,2
3489,"20200729",0,0,0
3490,"20200729",0,0,0
3491,"20200729",0,0,0
3492,"20200729",0,0,0
3493,"20200729",0,0,0
3494,"20200729",0,0,0
3495,"20200729",0,0,0
3496,"20200729",0,0,0
3497,"20200729",0,0,0
3498,"20200729",0,0,0
3499,"20200729",0,0,0
3500,"20200729",0,0,0
3501,"20200729",0,0,0
3502,"20200729",0,0,0
3503,"20200729",0,0,0
3504,"20200729",0,0,0
3505,"20200729",0,0,0
3506,"20200729",0,0,0
3507,"20200729",0,0,0
3508,"20200729",0,0,2
3509,"20200729",0,0,0
3510,"20200729",0,0,0
3511,"20200729",0,0,0
3512,"20200729",0,0,0
3513,"20200729",0,0,0
3514,"20200729",0,0,0
3515,"20200729",0,0,0
3516,"20200729",0,0,0
3517,"20200729",0,0,0
3518,"20200729",0,0,0
3519,"20200729",0,0,0
3520,"20200729",0,0,0
3521,"20200729",0,0,0
3522,"20200729",0,0,0
3523,"20200729",0,0,0
3524,"20200729",0,0,0
3525,"20200729",0,0,0
3526,"20200729",0,0,0
3527,"20200729",0,0,0
3528,"20200729",0,0,0
3529,"20200729",0,0,0
3530,"20200729",0,0,0
3531,"20200729",0,0,0
3532,"20200729",0,0,0
3533,"20200729",0,0,0
3534,"20200729",0,0,0
3535,"20200729",0,0,0
3536,"20200729",0,0,0
3537,"20200729",0,0,1
3538,"20200729",0,0,0
3539,"20200729",0,0,1
3540,"20200729",0,0,1
3541,"20200729",0,0,0
3542,"20200729",0,0,0
3543,"20200729",0,0,0
3544,"20200729",0,0,0
3545,"20200729",0,0,0
3546,"20200729",0,0,0
3547,"20200729",0,0,0
3548,"20200729",0,0,0
3549,"20200729",0,0,0
3550,"20200729",0,0,0
3551,"20200729",0,0,0
3552,"20200729",0,0,0
3553,"20200729",0,0,0
3554,"20200729",0,0,0
3555,"20200729",0,0,0
3556,"20200729",0,0,0
3557,"20200729",0,0,0
3558,"20200729",0,0,0
3559,"20200729",0,0,0
3560,"20200729",0,0,0
3561,"20200729",0,0,0
3562,"20200729",0,0,0
3563,"20200729",0,0,0
3564,"20200729",0,0,0
3565,"20200729",0,0,1
3566,"20200729",0,0,0
3567,"20200729",0,0,0
3568,"20200729",0,0,0
3569,"20200729",0,0,0
3570,"20200729",0,0,0
3571,"20200729",0,0,0
3572,"20200729",0,0,0
3573,"20200729",0,0,0
3574,"20200729",0,0,0
3575,"20200729",0,0,2
3576,"20200729",0,0,2
3577,"20200729",0,0,2
3578,"20200729",0,0,2
3579,"20200729",0,0,5
3580,"20200729",0,0,2
3581,"20200729",0,0,2
3582,"20200729",0,0,2
3583,"20200729",0,0,2
3584,"20200729",0,0,2
3585,"20200729",0,0,2
3586,"20200729",0,0,2
3587,"20200729",0,0,2
3588,"20200729",0,0,1
3589,"20200729",0,0,1
3590,"20200729",0,0,1
3591,"20200729",0,0,1
3592,"20200729",0,0,0
3593,"20200729",0,0,0
3594,"20200729",0,0,0
3595,"20200729",0,0,2
3596,"20200729",0,0,1
3597,"20200729",0,0,1
3598,"20200729",0,0,1
3599,"20200729",0,0,0
3600,"20200729",0,0,2
3601,"20200729",0,0,1
3602,"20200729",0,0,0
3603,"20200729",0,0,0
3604,"20200729",0,0,0
3605,"20200729",0,0,1
3606,"20200729",0,0,0
3607,"20200729",0,0,0
3608,"20200729",0,0,0
3609,"20200729",0,0,0
3610,"20200729",0,0,0
3611,"20200729",0,0,0
3612,"20200729",0,0,0
3613,"20200729",0,0,0
3614,"20200729",0,0,0
3615,"20200729",0,0,0
3616,"20200729",0,0,0
3617,"20200729",0,0,0
3618,"20200729",0,0,0
3619,"20200729",0,0,0
3620,"20200729",0,0,0
3621,"20200729",0,0,1
3622,"20200729",0,0,0
3623,"20200729",0,0,0
3624,"20200729",0,0,0
3625,"20200729",0,0,0
3626,"20200729",0,0,0
3627,"20200729",0,0,0
3628,"20200729",0,0,0
3629,"20200729",0,0,0
3630,"20200729",0,0,1
3631,"20200729",0,0,1
3632,"20200729",0,0,0
3633,"20200729",0,0,0
3634,"20200729",0,0,0
3635,"20200729",0,0,0
3636,"20200729",0,0,0
3637,"20200729",0,0,1
3638,"20200729",0,0,0
3639,"20200729",0,0,0
3640,"20200729",0,0,0
3641,"20200729",0,0,0
3642,"20200729",0,0,0
3643,"20200729",0,0,0
3644,"20200729",0,0,0
3645,"20200729",0,0,0
3646,"20200729",0,0,0
3647,"20200729",0,0,0
3648,"20200729",0,0,0
3649,"20200729",0,0,0
3650,"20200729",0,0,0
3651,"20200729",0,0,1
3652,"20200729",0,0,0
3653,"20200729",0,0,0
3654,"20200729",0,0,0
3655,"20200729",0,0,0
3656,"20200729",0,0,0
3657,"20200729",0,0,0
3658,"20200729",0,0,0
3659,"20200729",0,0,0
3660,"20200729",0,0,0
